<?xml version="1.0" encoding="UTF-8" ?>
<!-- This is a WordPress eXtended RSS file generated by WordPress as an export of your site. -->
<!-- It contains information about your site's posts, pages, comments, categories, and other content. -->
<!-- You may use this file to transfer that content from one site to another. -->
<!-- This file is not intended to serve as a complete backup of your site. -->

<!-- To import this information into a WordPress site follow these steps: -->
<!-- 1. Log in to that site as an administrator. -->
<!-- 2. Go to Tools: Import in the WordPress admin panel. -->
<!-- 3. Install the "WordPress" importer from the list. -->
<!-- 4. Activate & Run Importer. -->
<!-- 5. Upload this file using the form provided on that page. -->
<!-- 6. You will first be asked to map the authors in this export file to users -->
<!--    on the site. For each author, you may choose to map to an -->
<!--    existing user on the site or to create a new user. -->
<!-- 7. WordPress will then import each of the posts, pages, comments, categories, etc. -->
<!--    contained in this file into your site. -->

<!-- generator="WordPress/5.0.3" created="2019-01-20 11:35" -->
<rss version="2.0"
	xmlns:excerpt="http://wordpress.org/export/1.2/excerpt/"
	xmlns:content="http://purl.org/rss/1.0/modules/content/"
	xmlns:wfw="http://wellformedweb.org/CommentAPI/"
	xmlns:dc="http://purl.org/dc/elements/1.1/"
	xmlns:wp="http://wordpress.org/export/1.2/"
>

<channel>
	<title>Blog Kit</title>
	<link>https://demo.wpcharms.com/blog-kit/default</link>
	<description>Elementor and Gutenberg Compatible Blog Theme</description>
	<pubDate>Sun, 20 Jan 2019 11:35:14 +0000</pubDate>
	<language>en-US</language>
	<wp:wxr_version>1.2</wp:wxr_version>
	<wp:base_site_url>http://demo.wpcharms.com/blog-kit/</wp:base_site_url>
	<wp:base_blog_url>https://demo.wpcharms.com/blog-kit/default</wp:base_blog_url>

	<wp:author><wp:author_id>1</wp:author_id><wp:author_login><![CDATA[charmsadmin]]></wp:author_login><wp:author_email><![CDATA[wpinfo@wpcharms.com]]></wp:author_email><wp:author_display_name><![CDATA[WP Charms]]></wp:author_display_name><wp:author_first_name><![CDATA[WP]]></wp:author_first_name><wp:author_last_name><![CDATA[Charms]]></wp:author_last_name></wp:author>

	<wp:category>
		<wp:term_id>2</wp:term_id>
		<wp:category_nicename><![CDATA[fashion]]></wp:category_nicename>
		<wp:category_parent><![CDATA[]]></wp:category_parent>
		<wp:cat_name><![CDATA[Fashion]]></wp:cat_name>
<wp:category_description><![CDATA[Description for the category Fashion goes here. Leave description field empty if you want to hide it. ]]></wp:category_description>
	</wp:category>
	<wp:category>
		<wp:term_id>4</wp:term_id>
		<wp:category_nicename><![CDATA[life-style]]></wp:category_nicename>
		<wp:category_parent><![CDATA[]]></wp:category_parent>
		<wp:cat_name><![CDATA[Life Style]]></wp:cat_name>
<wp:category_description><![CDATA[Description for the category Life Style goes here. Leave description field empty if you want to hide it. ]]></wp:category_description>
	</wp:category>
	<wp:category>
		<wp:term_id>5</wp:term_id>
		<wp:category_nicename><![CDATA[photography]]></wp:category_nicename>
		<wp:category_parent><![CDATA[]]></wp:category_parent>
		<wp:cat_name><![CDATA[Photography]]></wp:cat_name>
<wp:category_description><![CDATA[Description for the category Photography goes here. Leave description field empty if you want to hide it. ]]></wp:category_description>
	</wp:category>
	<wp:category>
		<wp:term_id>1</wp:term_id>
		<wp:category_nicename><![CDATA[uncategorized]]></wp:category_nicename>
		<wp:category_parent><![CDATA[]]></wp:category_parent>
		<wp:cat_name><![CDATA[Uncategorized]]></wp:cat_name>
	</wp:category>
	<wp:tag>
		<wp:term_id>10</wp:term_id>
		<wp:tag_slug><![CDATA[couple]]></wp:tag_slug>
		<wp:tag_name><![CDATA[couple]]></wp:tag_name>
	</wp:tag>
	<wp:tag>
		<wp:term_id>11</wp:term_id>
		<wp:tag_slug><![CDATA[friends]]></wp:tag_slug>
		<wp:tag_name><![CDATA[friends]]></wp:tag_name>
	</wp:tag>
	<wp:tag>
		<wp:term_id>9</wp:term_id>
		<wp:tag_slug><![CDATA[life]]></wp:tag_slug>
		<wp:tag_name><![CDATA[life]]></wp:tag_name>
	</wp:tag>
	<wp:tag>
		<wp:term_id>7</wp:term_id>
		<wp:tag_slug><![CDATA[love]]></wp:tag_slug>
		<wp:tag_name><![CDATA[love]]></wp:tag_name>
	</wp:tag>
	<wp:tag>
		<wp:term_id>8</wp:term_id>
		<wp:tag_slug><![CDATA[peace]]></wp:tag_slug>
		<wp:tag_name><![CDATA[peace]]></wp:tag_name>
	</wp:tag>
	<wp:tag>
		<wp:term_id>12</wp:term_id>
		<wp:tag_slug><![CDATA[photography]]></wp:tag_slug>
		<wp:tag_name><![CDATA[photography]]></wp:tag_name>
	</wp:tag>
	<wp:term>
		<wp:term_id><![CDATA[10]]></wp:term_id>
		<wp:term_taxonomy><![CDATA[post_tag]]></wp:term_taxonomy>
		<wp:term_slug><![CDATA[couple]]></wp:term_slug>
		<wp:term_parent><![CDATA[]]></wp:term_parent>
		<wp:term_name><![CDATA[couple]]></wp:term_name>
	</wp:term>
	<wp:term>
		<wp:term_id><![CDATA[2]]></wp:term_id>
		<wp:term_taxonomy><![CDATA[category]]></wp:term_taxonomy>
		<wp:term_slug><![CDATA[fashion]]></wp:term_slug>
		<wp:term_parent><![CDATA[]]></wp:term_parent>
		<wp:term_name><![CDATA[Fashion]]></wp:term_name>
		<wp:term_description><![CDATA[Description for the category Fashion goes here. Leave description field empty if you want to hide it. ]]></wp:term_description>
	</wp:term>
	<wp:term>
		<wp:term_id><![CDATA[11]]></wp:term_id>
		<wp:term_taxonomy><![CDATA[post_tag]]></wp:term_taxonomy>
		<wp:term_slug><![CDATA[friends]]></wp:term_slug>
		<wp:term_parent><![CDATA[]]></wp:term_parent>
		<wp:term_name><![CDATA[friends]]></wp:term_name>
	</wp:term>
	<wp:term>
		<wp:term_id><![CDATA[9]]></wp:term_id>
		<wp:term_taxonomy><![CDATA[post_tag]]></wp:term_taxonomy>
		<wp:term_slug><![CDATA[life]]></wp:term_slug>
		<wp:term_parent><![CDATA[]]></wp:term_parent>
		<wp:term_name><![CDATA[life]]></wp:term_name>
	</wp:term>
	<wp:term>
		<wp:term_id><![CDATA[4]]></wp:term_id>
		<wp:term_taxonomy><![CDATA[category]]></wp:term_taxonomy>
		<wp:term_slug><![CDATA[life-style]]></wp:term_slug>
		<wp:term_parent><![CDATA[]]></wp:term_parent>
		<wp:term_name><![CDATA[Life Style]]></wp:term_name>
		<wp:term_description><![CDATA[Description for the category Life Style goes here. Leave description field empty if you want to hide it. ]]></wp:term_description>
	</wp:term>
	<wp:term>
		<wp:term_id><![CDATA[7]]></wp:term_id>
		<wp:term_taxonomy><![CDATA[post_tag]]></wp:term_taxonomy>
		<wp:term_slug><![CDATA[love]]></wp:term_slug>
		<wp:term_parent><![CDATA[]]></wp:term_parent>
		<wp:term_name><![CDATA[love]]></wp:term_name>
	</wp:term>
	<wp:term>
		<wp:term_id><![CDATA[13]]></wp:term_id>
		<wp:term_taxonomy><![CDATA[nav_menu]]></wp:term_taxonomy>
		<wp:term_slug><![CDATA[main-menu]]></wp:term_slug>
		<wp:term_parent><![CDATA[]]></wp:term_parent>
		<wp:term_name><![CDATA[Main Menu]]></wp:term_name>
	</wp:term>
	<wp:term>
		<wp:term_id><![CDATA[8]]></wp:term_id>
		<wp:term_taxonomy><![CDATA[post_tag]]></wp:term_taxonomy>
		<wp:term_slug><![CDATA[peace]]></wp:term_slug>
		<wp:term_parent><![CDATA[]]></wp:term_parent>
		<wp:term_name><![CDATA[peace]]></wp:term_name>
	</wp:term>
	<wp:term>
		<wp:term_id><![CDATA[5]]></wp:term_id>
		<wp:term_taxonomy><![CDATA[category]]></wp:term_taxonomy>
		<wp:term_slug><![CDATA[photography]]></wp:term_slug>
		<wp:term_parent><![CDATA[]]></wp:term_parent>
		<wp:term_name><![CDATA[Photography]]></wp:term_name>
		<wp:term_description><![CDATA[Description for the category Photography goes here. Leave description field empty if you want to hide it. ]]></wp:term_description>
	</wp:term>
	<wp:term>
		<wp:term_id><![CDATA[12]]></wp:term_id>
		<wp:term_taxonomy><![CDATA[post_tag]]></wp:term_taxonomy>
		<wp:term_slug><![CDATA[photography]]></wp:term_slug>
		<wp:term_parent><![CDATA[]]></wp:term_parent>
		<wp:term_name><![CDATA[photography]]></wp:term_name>
	</wp:term>
	<wp:term>
		<wp:term_id><![CDATA[14]]></wp:term_id>
		<wp:term_taxonomy><![CDATA[nav_menu]]></wp:term_taxonomy>
		<wp:term_slug><![CDATA[social-menu]]></wp:term_slug>
		<wp:term_parent><![CDATA[]]></wp:term_parent>
		<wp:term_name><![CDATA[Social Menu]]></wp:term_name>
	</wp:term>
	<wp:term>
		<wp:term_id><![CDATA[1]]></wp:term_id>
		<wp:term_taxonomy><![CDATA[category]]></wp:term_taxonomy>
		<wp:term_slug><![CDATA[uncategorized]]></wp:term_slug>
		<wp:term_parent><![CDATA[]]></wp:term_parent>
		<wp:term_name><![CDATA[Uncategorized]]></wp:term_name>
	</wp:term>
	<wp:term><wp:term_id>13</wp:term_id><wp:term_taxonomy>nav_menu</wp:term_taxonomy><wp:term_slug><![CDATA[main-menu]]></wp:term_slug><wp:term_name><![CDATA[Main Menu]]></wp:term_name>
</wp:term>
	<wp:term><wp:term_id>14</wp:term_id><wp:term_taxonomy>nav_menu</wp:term_taxonomy><wp:term_slug><![CDATA[social-menu]]></wp:term_slug><wp:term_name><![CDATA[Social Menu]]></wp:term_name>
</wp:term>

	<generator>https://wordpress.org/?v=5.0.3</generator>

<image>
	<url>https://demo.wpcharms.com/blog-kit/default/wp-content/uploads/sites/5/2019/01/fav-icon.png</url>
	<title>Blog Kit</title>
	<link>https://demo.wpcharms.com/blog-kit/default</link>
	<width>32</width>
	<height>32</height>
</image> 

	<item>
		<title>The message of love and peace</title>
		<link>https://demo.wpcharms.com/blog-kit/default/the-message-of-love-and-peace/</link>
		<pubDate>Mon, 20 Jun 2016 11:16:31 +0000</pubDate>
		<dc:creator><![CDATA[charmsadmin]]></dc:creator>
		<guid isPermaLink="false">https://demo.wpcharms.com/blog-kit/default/?p=6</guid>
		<description></description>
		<content:encoded><![CDATA[<!-- wp:paragraph -->
<p>Lorem ipsum dolor sit amet, consectetur adipiscing elit. Maecenas scelerisque vestibulum odio, vel placerat nisl venenatis a. Donec bibendum tincidunt urna, quis mollis enim. Pellentesque venenatis consequat ligula ut mollis.</p>
<!-- /wp:paragraph -->

<!-- wp:paragraph -->
<p>Proin mattis fermentum est, aliquam tincidunt urna venenatis sit amet. Curabitur blandit mi ut nibh fringilla laoreet. Etiam molestie enim in arcu semper consequat. Etiam ut lacus et dolor tincidunt iaculis ac vitae velit. Suspendisse fringilla, sem vel lobortis vehicula, neque risus volutpat risus, vel cursus felis turpis quis velit.</p>
<!-- /wp:paragraph -->

<!-- wp:paragraph -->
<p>Vivamus congue bibendum lectus sed fermentum. Suspendisse ultricies sagittis pretium. Praesent quis vulputate urna, id posuere elit. Donec faucibus, enim nec scelerisque laoreet, urna dolor semper nibh, ac eleifend ante neque sit amet leo. Etiam sed nunc non ex feugiat cursus. Vestibulum non augue vitae sapien lacinia efficitur at nec mauris.</p>
<!-- /wp:paragraph -->]]></content:encoded>
		<excerpt:encoded><![CDATA[]]></excerpt:encoded>
		<wp:post_id>6</wp:post_id>
		<wp:post_date><![CDATA[2016-06-20 11:16:31]]></wp:post_date>
		<wp:post_date_gmt><![CDATA[2016-06-20 11:16:31]]></wp:post_date_gmt>
		<wp:comment_status><![CDATA[closed]]></wp:comment_status>
		<wp:ping_status><![CDATA[closed]]></wp:ping_status>
		<wp:post_name><![CDATA[the-message-of-love-and-peace]]></wp:post_name>
		<wp:status><![CDATA[publish]]></wp:status>
		<wp:post_parent>0</wp:post_parent>
		<wp:menu_order>0</wp:menu_order>
		<wp:post_type><![CDATA[post]]></wp:post_type>
		<wp:post_password><![CDATA[]]></wp:post_password>
		<wp:is_sticky>0</wp:is_sticky>
		<category domain="post_tag" nicename="couple"><![CDATA[couple]]></category>
		<category domain="category" nicename="fashion"><![CDATA[Fashion]]></category>
		<category domain="post_tag" nicename="life"><![CDATA[life]]></category>
		<category domain="category" nicename="life-style"><![CDATA[Life Style]]></category>
		<category domain="post_tag" nicename="love"><![CDATA[love]]></category>
		<category domain="post_tag" nicename="peace"><![CDATA[peace]]></category>
		<wp:postmeta>
			<wp:meta_key><![CDATA[_edit_last]]></wp:meta_key>
			<wp:meta_value><![CDATA[1]]></wp:meta_value>
		</wp:postmeta>
		<wp:postmeta>
			<wp:meta_key><![CDATA[_thumbnail_id]]></wp:meta_key>
			<wp:meta_value><![CDATA[7]]></wp:meta_value>
		</wp:postmeta>
		<wp:postmeta>
			<wp:meta_key><![CDATA[disable_title]]></wp:meta_key>
			<wp:meta_value><![CDATA[]]></wp:meta_value>
		</wp:postmeta>
		<wp:postmeta>
			<wp:meta_key><![CDATA[disable_feat_image]]></wp:meta_key>
			<wp:meta_value><![CDATA[]]></wp:meta_value>
		</wp:postmeta>
		<wp:postmeta>
			<wp:meta_key><![CDATA[disable_space]]></wp:meta_key>
			<wp:meta_value><![CDATA[]]></wp:meta_value>
		</wp:postmeta>
		<wp:postmeta>
			<wp:meta_key><![CDATA[disable_sidebar_only]]></wp:meta_key>
			<wp:meta_value><![CDATA[]]></wp:meta_value>
		</wp:postmeta>
		<wp:postmeta>
			<wp:meta_key><![CDATA[disable_sidebar]]></wp:meta_key>
			<wp:meta_value><![CDATA[]]></wp:meta_value>
		</wp:postmeta>
		<wp:postmeta>
			<wp:meta_key><![CDATA[_wp_old_date]]></wp:meta_key>
			<wp:meta_value><![CDATA[2019-01-20]]></wp:meta_value>
		</wp:postmeta>
	</item>
	<item>
		<title>hands-1283076_1280</title>
		<link>https://demo.wpcharms.com/blog-kit/default/the-message-of-love-and-peace/hands-1283076_1280/</link>
		<pubDate>Sun, 20 Jan 2019 11:16:09 +0000</pubDate>
		<dc:creator><![CDATA[charmsadmin]]></dc:creator>
		<guid isPermaLink="false">https://demo.wpcharms.com/blog-kit/default/wp-content/uploads/sites/5/2019/01/hands-1283076_1280.jpg</guid>
		<description></description>
		<content:encoded><![CDATA[]]></content:encoded>
		<excerpt:encoded><![CDATA[]]></excerpt:encoded>
		<wp:post_id>7</wp:post_id>
		<wp:post_date><![CDATA[2019-01-20 11:16:09]]></wp:post_date>
		<wp:post_date_gmt><![CDATA[2019-01-20 11:16:09]]></wp:post_date_gmt>
		<wp:comment_status><![CDATA[open]]></wp:comment_status>
		<wp:ping_status><![CDATA[closed]]></wp:ping_status>
		<wp:post_name><![CDATA[hands-1283076_1280]]></wp:post_name>
		<wp:status><![CDATA[inherit]]></wp:status>
		<wp:post_parent>6</wp:post_parent>
		<wp:menu_order>0</wp:menu_order>
		<wp:post_type><![CDATA[attachment]]></wp:post_type>
		<wp:post_password><![CDATA[]]></wp:post_password>
		<wp:is_sticky>0</wp:is_sticky>
		<wp:attachment_url><![CDATA[https://demo.wpcharms.com/blog-kit/default/wp-content/uploads/sites/5/2019/01/hands-1283076_1280.jpg]]></wp:attachment_url>
		<wp:postmeta>
			<wp:meta_key><![CDATA[_wp_attached_file]]></wp:meta_key>
			<wp:meta_value><![CDATA[2019/01/hands-1283076_1280.jpg]]></wp:meta_value>
		</wp:postmeta>
		<wp:postmeta>
			<wp:meta_key><![CDATA[_wp_attachment_metadata]]></wp:meta_key>
			<wp:meta_value><![CDATA[a:5:{s:5:"width";i:1280;s:6:"height";i:853;s:4:"file";s:30:"2019/01/hands-1283076_1280.jpg";s:5:"sizes";a:4:{s:9:"thumbnail";a:4:{s:4:"file";s:30:"hands-1283076_1280-150x150.jpg";s:5:"width";i:150;s:6:"height";i:150;s:9:"mime-type";s:10:"image/jpeg";}s:6:"medium";a:4:{s:4:"file";s:30:"hands-1283076_1280-300x200.jpg";s:5:"width";i:300;s:6:"height";i:200;s:9:"mime-type";s:10:"image/jpeg";}s:12:"medium_large";a:4:{s:4:"file";s:30:"hands-1283076_1280-768x512.jpg";s:5:"width";i:768;s:6:"height";i:512;s:9:"mime-type";s:10:"image/jpeg";}s:5:"large";a:4:{s:4:"file";s:31:"hands-1283076_1280-1024x682.jpg";s:5:"width";i:1024;s:6:"height";i:682;s:9:"mime-type";s:10:"image/jpeg";}}s:10:"image_meta";a:12:{s:8:"aperture";s:1:"0";s:6:"credit";s:0:"";s:6:"camera";s:0:"";s:7:"caption";s:0:"";s:17:"created_timestamp";s:1:"0";s:9:"copyright";s:0:"";s:12:"focal_length";s:1:"0";s:3:"iso";s:1:"0";s:13:"shutter_speed";s:1:"0";s:5:"title";s:0:"";s:11:"orientation";s:1:"0";s:8:"keywords";a:0:{}}}]]></wp:meta_value>
		</wp:postmeta>
	</item>
	<item>
		<title>We seek to be the best</title>
		<link>https://demo.wpcharms.com/blog-kit/default/we-seek-to-be-the-best/</link>
		<pubDate>Sat, 21 Jul 2018 11:18:57 +0000</pubDate>
		<dc:creator><![CDATA[charmsadmin]]></dc:creator>
		<guid isPermaLink="false">https://demo.wpcharms.com/blog-kit/default/?p=9</guid>
		<description></description>
		<content:encoded><![CDATA[<!-- wp:paragraph -->
<p>Maecenas eget metus venenatis, dictum turpis non, rutrum velit. Vestibulum eu efficitur ex. Aliquam egestas congue arcu, sit amet cursus tellus venenatis eget. Duis vehicula dapibus justo, in auctor nibh scelerisque vitae. Ut aliquet risus ac orci convallis elementum.</p>
<!-- /wp:paragraph -->

<!-- wp:paragraph -->
<p>In vehicula <a href="#">urna in ex malesuada malesuada</a>. Curabitur ut tellus vehicula turpis semper consequat. Phasellus tristique odio enim, et molestie risus volutpat a. Phasellus ex enim, varius sit amet eleifend laoreet, efficitur ac lorem. Donec nibh elit, varius sed vulputate vitae, auctor rutrum lacus.</p>
<!-- /wp:paragraph -->]]></content:encoded>
		<excerpt:encoded><![CDATA[]]></excerpt:encoded>
		<wp:post_id>9</wp:post_id>
		<wp:post_date><![CDATA[2018-07-21 11:18:57]]></wp:post_date>
		<wp:post_date_gmt><![CDATA[2018-07-21 11:18:57]]></wp:post_date_gmt>
		<wp:comment_status><![CDATA[closed]]></wp:comment_status>
		<wp:ping_status><![CDATA[closed]]></wp:ping_status>
		<wp:post_name><![CDATA[we-seek-to-be-the-best]]></wp:post_name>
		<wp:status><![CDATA[publish]]></wp:status>
		<wp:post_parent>0</wp:post_parent>
		<wp:menu_order>0</wp:menu_order>
		<wp:post_type><![CDATA[post]]></wp:post_type>
		<wp:post_password><![CDATA[]]></wp:post_password>
		<wp:is_sticky>0</wp:is_sticky>
		<category domain="category" nicename="fashion"><![CDATA[Fashion]]></category>
		<category domain="post_tag" nicename="friends"><![CDATA[friends]]></category>
		<category domain="category" nicename="life-style"><![CDATA[Life Style]]></category>
		<category domain="post_tag" nicename="love"><![CDATA[love]]></category>
		<category domain="category" nicename="photography"><![CDATA[Photography]]></category>
		<category domain="post_tag" nicename="photography"><![CDATA[photography]]></category>
		<wp:postmeta>
			<wp:meta_key><![CDATA[_edit_last]]></wp:meta_key>
			<wp:meta_value><![CDATA[1]]></wp:meta_value>
		</wp:postmeta>
		<wp:postmeta>
			<wp:meta_key><![CDATA[_thumbnail_id]]></wp:meta_key>
			<wp:meta_value><![CDATA[10]]></wp:meta_value>
		</wp:postmeta>
		<wp:postmeta>
			<wp:meta_key><![CDATA[disable_title]]></wp:meta_key>
			<wp:meta_value><![CDATA[]]></wp:meta_value>
		</wp:postmeta>
		<wp:postmeta>
			<wp:meta_key><![CDATA[disable_feat_image]]></wp:meta_key>
			<wp:meta_value><![CDATA[]]></wp:meta_value>
		</wp:postmeta>
		<wp:postmeta>
			<wp:meta_key><![CDATA[disable_space]]></wp:meta_key>
			<wp:meta_value><![CDATA[]]></wp:meta_value>
		</wp:postmeta>
		<wp:postmeta>
			<wp:meta_key><![CDATA[disable_sidebar_only]]></wp:meta_key>
			<wp:meta_value><![CDATA[]]></wp:meta_value>
		</wp:postmeta>
		<wp:postmeta>
			<wp:meta_key><![CDATA[disable_sidebar]]></wp:meta_key>
			<wp:meta_value><![CDATA[]]></wp:meta_value>
		</wp:postmeta>
		<wp:postmeta>
			<wp:meta_key><![CDATA[_wp_old_date]]></wp:meta_key>
			<wp:meta_value><![CDATA[2019-01-20]]></wp:meta_value>
		</wp:postmeta>
	</item>
	<item>
		<title>the-best</title>
		<link>https://demo.wpcharms.com/blog-kit/default/we-seek-to-be-the-best/the-best/</link>
		<pubDate>Sun, 20 Jan 2019 11:18:46 +0000</pubDate>
		<dc:creator><![CDATA[charmsadmin]]></dc:creator>
		<guid isPermaLink="false">https://demo.wpcharms.com/blog-kit/default/wp-content/uploads/sites/5/2019/01/the-best.jpeg</guid>
		<description></description>
		<content:encoded><![CDATA[]]></content:encoded>
		<excerpt:encoded><![CDATA[]]></excerpt:encoded>
		<wp:post_id>10</wp:post_id>
		<wp:post_date><![CDATA[2019-01-20 11:18:46]]></wp:post_date>
		<wp:post_date_gmt><![CDATA[2019-01-20 11:18:46]]></wp:post_date_gmt>
		<wp:comment_status><![CDATA[open]]></wp:comment_status>
		<wp:ping_status><![CDATA[closed]]></wp:ping_status>
		<wp:post_name><![CDATA[the-best]]></wp:post_name>
		<wp:status><![CDATA[inherit]]></wp:status>
		<wp:post_parent>9</wp:post_parent>
		<wp:menu_order>0</wp:menu_order>
		<wp:post_type><![CDATA[attachment]]></wp:post_type>
		<wp:post_password><![CDATA[]]></wp:post_password>
		<wp:is_sticky>0</wp:is_sticky>
		<wp:attachment_url><![CDATA[https://demo.wpcharms.com/blog-kit/default/wp-content/uploads/sites/5/2019/01/the-best.jpeg]]></wp:attachment_url>
		<wp:postmeta>
			<wp:meta_key><![CDATA[_wp_attached_file]]></wp:meta_key>
			<wp:meta_value><![CDATA[2019/01/the-best.jpeg]]></wp:meta_value>
		</wp:postmeta>
		<wp:postmeta>
			<wp:meta_key><![CDATA[_wp_attachment_metadata]]></wp:meta_key>
			<wp:meta_value><![CDATA[a:5:{s:5:"width";i:1280;s:6:"height";i:853;s:4:"file";s:21:"2019/01/the-best.jpeg";s:5:"sizes";a:4:{s:9:"thumbnail";a:4:{s:4:"file";s:21:"the-best-150x150.jpeg";s:5:"width";i:150;s:6:"height";i:150;s:9:"mime-type";s:10:"image/jpeg";}s:6:"medium";a:4:{s:4:"file";s:21:"the-best-300x200.jpeg";s:5:"width";i:300;s:6:"height";i:200;s:9:"mime-type";s:10:"image/jpeg";}s:12:"medium_large";a:4:{s:4:"file";s:21:"the-best-768x512.jpeg";s:5:"width";i:768;s:6:"height";i:512;s:9:"mime-type";s:10:"image/jpeg";}s:5:"large";a:4:{s:4:"file";s:22:"the-best-1024x682.jpeg";s:5:"width";i:1024;s:6:"height";i:682;s:9:"mime-type";s:10:"image/jpeg";}}s:10:"image_meta";a:12:{s:8:"aperture";s:1:"0";s:6:"credit";s:0:"";s:6:"camera";s:0:"";s:7:"caption";s:0:"";s:17:"created_timestamp";s:1:"0";s:9:"copyright";s:0:"";s:12:"focal_length";s:1:"0";s:3:"iso";s:1:"0";s:13:"shutter_speed";s:1:"0";s:5:"title";s:0:"";s:11:"orientation";s:1:"0";s:8:"keywords";a:0:{}}}]]></wp:meta_value>
		</wp:postmeta>
	</item>
	<item>
		<title>The greatest gift of life is friendship</title>
		<link>https://demo.wpcharms.com/blog-kit/default/the-greatest-gift-of-life-is-friendship/</link>
		<pubDate>Fri, 24 Aug 2018 11:20:55 +0000</pubDate>
		<dc:creator><![CDATA[charmsadmin]]></dc:creator>
		<guid isPermaLink="false">https://demo.wpcharms.com/blog-kit/default/?p=12</guid>
		<description></description>
		<content:encoded><![CDATA[<!-- wp:paragraph -->
<p>Vivamus congue bibendum lectus sed fermentum. Suspendisse ultricies sagittis pretium. Praesent quis vulputate urna, id posuere elit. Donec faucibus, enim nec scelerisque laoreet, urna dolor semper nibh, ac eleifend ante neque sit amet leo. Etiam sed nunc non ex feugiat cursus. Vestibulum non augue vitae sapien lacinia efficitur at nec mauris.</p>
<!-- /wp:paragraph -->

<!-- wp:paragraph -->
<p>Cras consequat lacus in ante imperdiet, non luctus dui hendrerit. Donec eget nibh pellentesque, commodo lectus vitae, dignissim velit. Mauris suscipit faucibus mattis. Maecenas eget metus venenatis, dictum turpis non, rutrum velit. Vestibulum eu efficitur ex. Aliquam egestas congue arcu, sit amet cursus tellus venenatis eget.</p>
<!-- /wp:paragraph -->]]></content:encoded>
		<excerpt:encoded><![CDATA[]]></excerpt:encoded>
		<wp:post_id>12</wp:post_id>
		<wp:post_date><![CDATA[2018-08-24 11:20:55]]></wp:post_date>
		<wp:post_date_gmt><![CDATA[2018-08-24 11:20:55]]></wp:post_date_gmt>
		<wp:comment_status><![CDATA[closed]]></wp:comment_status>
		<wp:ping_status><![CDATA[closed]]></wp:ping_status>
		<wp:post_name><![CDATA[the-greatest-gift-of-life-is-friendship]]></wp:post_name>
		<wp:status><![CDATA[publish]]></wp:status>
		<wp:post_parent>0</wp:post_parent>
		<wp:menu_order>0</wp:menu_order>
		<wp:post_type><![CDATA[post]]></wp:post_type>
		<wp:post_password><![CDATA[]]></wp:post_password>
		<wp:is_sticky>0</wp:is_sticky>
		<category domain="post_tag" nicename="friends"><![CDATA[friends]]></category>
		<category domain="category" nicename="life-style"><![CDATA[Life Style]]></category>
		<category domain="post_tag" nicename="love"><![CDATA[love]]></category>
		<category domain="category" nicename="photography"><![CDATA[Photography]]></category>
		<category domain="post_tag" nicename="photography"><![CDATA[photography]]></category>
		<wp:postmeta>
			<wp:meta_key><![CDATA[disable_title]]></wp:meta_key>
			<wp:meta_value><![CDATA[]]></wp:meta_value>
		</wp:postmeta>
		<wp:postmeta>
			<wp:meta_key><![CDATA[_edit_last]]></wp:meta_key>
			<wp:meta_value><![CDATA[1]]></wp:meta_value>
		</wp:postmeta>
		<wp:postmeta>
			<wp:meta_key><![CDATA[_thumbnail_id]]></wp:meta_key>
			<wp:meta_value><![CDATA[13]]></wp:meta_value>
		</wp:postmeta>
		<wp:postmeta>
			<wp:meta_key><![CDATA[disable_feat_image]]></wp:meta_key>
			<wp:meta_value><![CDATA[]]></wp:meta_value>
		</wp:postmeta>
		<wp:postmeta>
			<wp:meta_key><![CDATA[disable_space]]></wp:meta_key>
			<wp:meta_value><![CDATA[]]></wp:meta_value>
		</wp:postmeta>
		<wp:postmeta>
			<wp:meta_key><![CDATA[disable_sidebar_only]]></wp:meta_key>
			<wp:meta_value><![CDATA[]]></wp:meta_value>
		</wp:postmeta>
		<wp:postmeta>
			<wp:meta_key><![CDATA[disable_sidebar]]></wp:meta_key>
			<wp:meta_value><![CDATA[]]></wp:meta_value>
		</wp:postmeta>
		<wp:postmeta>
			<wp:meta_key><![CDATA[_wp_old_date]]></wp:meta_key>
			<wp:meta_value><![CDATA[2019-01-20]]></wp:meta_value>
		</wp:postmeta>
	</item>
	<item>
		<title>friendship</title>
		<link>https://demo.wpcharms.com/blog-kit/default/the-greatest-gift-of-life-is-friendship/friendship/</link>
		<pubDate>Sun, 20 Jan 2019 11:20:45 +0000</pubDate>
		<dc:creator><![CDATA[charmsadmin]]></dc:creator>
		<guid isPermaLink="false">https://demo.wpcharms.com/blog-kit/default/wp-content/uploads/sites/5/2019/01/friendship.jpeg</guid>
		<description></description>
		<content:encoded><![CDATA[]]></content:encoded>
		<excerpt:encoded><![CDATA[]]></excerpt:encoded>
		<wp:post_id>13</wp:post_id>
		<wp:post_date><![CDATA[2019-01-20 11:20:45]]></wp:post_date>
		<wp:post_date_gmt><![CDATA[2019-01-20 11:20:45]]></wp:post_date_gmt>
		<wp:comment_status><![CDATA[open]]></wp:comment_status>
		<wp:ping_status><![CDATA[closed]]></wp:ping_status>
		<wp:post_name><![CDATA[friendship]]></wp:post_name>
		<wp:status><![CDATA[inherit]]></wp:status>
		<wp:post_parent>12</wp:post_parent>
		<wp:menu_order>0</wp:menu_order>
		<wp:post_type><![CDATA[attachment]]></wp:post_type>
		<wp:post_password><![CDATA[]]></wp:post_password>
		<wp:is_sticky>0</wp:is_sticky>
		<wp:attachment_url><![CDATA[https://demo.wpcharms.com/blog-kit/default/wp-content/uploads/sites/5/2019/01/friendship.jpeg]]></wp:attachment_url>
		<wp:postmeta>
			<wp:meta_key><![CDATA[_wp_attached_file]]></wp:meta_key>
			<wp:meta_value><![CDATA[2019/01/friendship.jpeg]]></wp:meta_value>
		</wp:postmeta>
		<wp:postmeta>
			<wp:meta_key><![CDATA[_wp_attachment_metadata]]></wp:meta_key>
			<wp:meta_value><![CDATA[a:5:{s:5:"width";i:1280;s:6:"height";i:853;s:4:"file";s:23:"2019/01/friendship.jpeg";s:5:"sizes";a:4:{s:9:"thumbnail";a:4:{s:4:"file";s:23:"friendship-150x150.jpeg";s:5:"width";i:150;s:6:"height";i:150;s:9:"mime-type";s:10:"image/jpeg";}s:6:"medium";a:4:{s:4:"file";s:23:"friendship-300x200.jpeg";s:5:"width";i:300;s:6:"height";i:200;s:9:"mime-type";s:10:"image/jpeg";}s:12:"medium_large";a:4:{s:4:"file";s:23:"friendship-768x512.jpeg";s:5:"width";i:768;s:6:"height";i:512;s:9:"mime-type";s:10:"image/jpeg";}s:5:"large";a:4:{s:4:"file";s:24:"friendship-1024x682.jpeg";s:5:"width";i:1024;s:6:"height";i:682;s:9:"mime-type";s:10:"image/jpeg";}}s:10:"image_meta";a:12:{s:8:"aperture";s:1:"0";s:6:"credit";s:0:"";s:6:"camera";s:0:"";s:7:"caption";s:0:"";s:17:"created_timestamp";s:1:"0";s:9:"copyright";s:0:"";s:12:"focal_length";s:1:"0";s:3:"iso";s:1:"0";s:13:"shutter_speed";s:1:"0";s:5:"title";s:0:"";s:11:"orientation";s:1:"0";s:8:"keywords";a:0:{}}}]]></wp:meta_value>
		</wp:postmeta>
	</item>
	<item>
		<title>fav-icon</title>
		<link>https://demo.wpcharms.com/blog-kit/default/fav-icon/</link>
		<pubDate>Sun, 20 Jan 2019 11:25:16 +0000</pubDate>
		<dc:creator><![CDATA[charmsadmin]]></dc:creator>
		<guid isPermaLink="false">https://demo.wpcharms.com/blog-kit/default/wp-content/uploads/sites/5/2019/01/fav-icon.png</guid>
		<description></description>
		<content:encoded><![CDATA[]]></content:encoded>
		<excerpt:encoded><![CDATA[]]></excerpt:encoded>
		<wp:post_id>16</wp:post_id>
		<wp:post_date><![CDATA[2019-01-20 11:25:16]]></wp:post_date>
		<wp:post_date_gmt><![CDATA[2019-01-20 11:25:16]]></wp:post_date_gmt>
		<wp:comment_status><![CDATA[open]]></wp:comment_status>
		<wp:ping_status><![CDATA[closed]]></wp:ping_status>
		<wp:post_name><![CDATA[fav-icon]]></wp:post_name>
		<wp:status><![CDATA[inherit]]></wp:status>
		<wp:post_parent>0</wp:post_parent>
		<wp:menu_order>0</wp:menu_order>
		<wp:post_type><![CDATA[attachment]]></wp:post_type>
		<wp:post_password><![CDATA[]]></wp:post_password>
		<wp:is_sticky>0</wp:is_sticky>
		<wp:attachment_url><![CDATA[https://demo.wpcharms.com/blog-kit/default/wp-content/uploads/sites/5/2019/01/fav-icon.png]]></wp:attachment_url>
		<wp:postmeta>
			<wp:meta_key><![CDATA[_wp_attached_file]]></wp:meta_key>
			<wp:meta_value><![CDATA[2019/01/fav-icon.png]]></wp:meta_value>
		</wp:postmeta>
		<wp:postmeta>
			<wp:meta_key><![CDATA[_wp_attachment_metadata]]></wp:meta_key>
			<wp:meta_value><![CDATA[a:5:{s:5:"width";i:32;s:6:"height";i:32;s:4:"file";s:20:"2019/01/fav-icon.png";s:5:"sizes";a:0:{}s:10:"image_meta";a:12:{s:8:"aperture";s:1:"0";s:6:"credit";s:0:"";s:6:"camera";s:0:"";s:7:"caption";s:0:"";s:17:"created_timestamp";s:1:"0";s:9:"copyright";s:0:"";s:12:"focal_length";s:1:"0";s:3:"iso";s:1:"0";s:13:"shutter_speed";s:1:"0";s:5:"title";s:0:"";s:11:"orientation";s:1:"0";s:8:"keywords";a:0:{}}}]]></wp:meta_value>
		</wp:postmeta>
	</item>
	<item>
		<title>Home</title>
		<link>https://demo.wpcharms.com/blog-kit/default/home/</link>
		<pubDate>Sun, 20 Jan 2019 11:26:52 +0000</pubDate>
		<dc:creator><![CDATA[charmsadmin]]></dc:creator>
		<guid isPermaLink="false">https://demo.wpcharms.com/blog-kit/default/?p=17</guid>
		<description></description>
		<content:encoded><![CDATA[]]></content:encoded>
		<excerpt:encoded><![CDATA[]]></excerpt:encoded>
		<wp:post_id>17</wp:post_id>
		<wp:post_date><![CDATA[2019-01-20 11:26:52]]></wp:post_date>
		<wp:post_date_gmt><![CDATA[2019-01-20 11:26:52]]></wp:post_date_gmt>
		<wp:comment_status><![CDATA[closed]]></wp:comment_status>
		<wp:ping_status><![CDATA[closed]]></wp:ping_status>
		<wp:post_name><![CDATA[home]]></wp:post_name>
		<wp:status><![CDATA[publish]]></wp:status>
		<wp:post_parent>0</wp:post_parent>
		<wp:menu_order>1</wp:menu_order>
		<wp:post_type><![CDATA[nav_menu_item]]></wp:post_type>
		<wp:post_password><![CDATA[]]></wp:post_password>
		<wp:is_sticky>0</wp:is_sticky>
		<category domain="nav_menu" nicename="main-menu"><![CDATA[Main Menu]]></category>
		<wp:postmeta>
			<wp:meta_key><![CDATA[_menu_item_type]]></wp:meta_key>
			<wp:meta_value><![CDATA[custom]]></wp:meta_value>
		</wp:postmeta>
		<wp:postmeta>
			<wp:meta_key><![CDATA[_menu_item_menu_item_parent]]></wp:meta_key>
			<wp:meta_value><![CDATA[0]]></wp:meta_value>
		</wp:postmeta>
		<wp:postmeta>
			<wp:meta_key><![CDATA[_menu_item_object_id]]></wp:meta_key>
			<wp:meta_value><![CDATA[17]]></wp:meta_value>
		</wp:postmeta>
		<wp:postmeta>
			<wp:meta_key><![CDATA[_menu_item_object]]></wp:meta_key>
			<wp:meta_value><![CDATA[custom]]></wp:meta_value>
		</wp:postmeta>
		<wp:postmeta>
			<wp:meta_key><![CDATA[_menu_item_target]]></wp:meta_key>
			<wp:meta_value><![CDATA[]]></wp:meta_value>
		</wp:postmeta>
		<wp:postmeta>
			<wp:meta_key><![CDATA[_menu_item_classes]]></wp:meta_key>
			<wp:meta_value><![CDATA[a:1:{i:0;s:0:"";}]]></wp:meta_value>
		</wp:postmeta>
		<wp:postmeta>
			<wp:meta_key><![CDATA[_menu_item_xfn]]></wp:meta_key>
			<wp:meta_value><![CDATA[]]></wp:meta_value>
		</wp:postmeta>
		<wp:postmeta>
			<wp:meta_key><![CDATA[_menu_item_url]]></wp:meta_key>
			<wp:meta_value><![CDATA[https://demo.wpcharms.com/blog-kit/default/]]></wp:meta_value>
		</wp:postmeta>
	</item>
	<item>
		<title></title>
		<link>https://demo.wpcharms.com/blog-kit/default/18/</link>
		<pubDate>Sun, 20 Jan 2019 11:26:52 +0000</pubDate>
		<dc:creator><![CDATA[charmsadmin]]></dc:creator>
		<guid isPermaLink="false">https://demo.wpcharms.com/blog-kit/default/?p=18</guid>
		<description></description>
		<content:encoded><![CDATA[Description for the category Life Style goes here. Leave description field empty if you want to hide it.]]></content:encoded>
		<excerpt:encoded><![CDATA[]]></excerpt:encoded>
		<wp:post_id>18</wp:post_id>
		<wp:post_date><![CDATA[2019-01-20 11:26:52]]></wp:post_date>
		<wp:post_date_gmt><![CDATA[2019-01-20 11:26:52]]></wp:post_date_gmt>
		<wp:comment_status><![CDATA[closed]]></wp:comment_status>
		<wp:ping_status><![CDATA[closed]]></wp:ping_status>
		<wp:post_name><![CDATA[18]]></wp:post_name>
		<wp:status><![CDATA[publish]]></wp:status>
		<wp:post_parent>0</wp:post_parent>
		<wp:menu_order>2</wp:menu_order>
		<wp:post_type><![CDATA[nav_menu_item]]></wp:post_type>
		<wp:post_password><![CDATA[]]></wp:post_password>
		<wp:is_sticky>0</wp:is_sticky>
		<category domain="nav_menu" nicename="main-menu"><![CDATA[Main Menu]]></category>
		<wp:postmeta>
			<wp:meta_key><![CDATA[_menu_item_type]]></wp:meta_key>
			<wp:meta_value><![CDATA[taxonomy]]></wp:meta_value>
		</wp:postmeta>
		<wp:postmeta>
			<wp:meta_key><![CDATA[_menu_item_menu_item_parent]]></wp:meta_key>
			<wp:meta_value><![CDATA[0]]></wp:meta_value>
		</wp:postmeta>
		<wp:postmeta>
			<wp:meta_key><![CDATA[_menu_item_object_id]]></wp:meta_key>
			<wp:meta_value><![CDATA[4]]></wp:meta_value>
		</wp:postmeta>
		<wp:postmeta>
			<wp:meta_key><![CDATA[_menu_item_object]]></wp:meta_key>
			<wp:meta_value><![CDATA[category]]></wp:meta_value>
		</wp:postmeta>
		<wp:postmeta>
			<wp:meta_key><![CDATA[_menu_item_target]]></wp:meta_key>
			<wp:meta_value><![CDATA[]]></wp:meta_value>
		</wp:postmeta>
		<wp:postmeta>
			<wp:meta_key><![CDATA[_menu_item_classes]]></wp:meta_key>
			<wp:meta_value><![CDATA[a:1:{i:0;s:0:"";}]]></wp:meta_value>
		</wp:postmeta>
		<wp:postmeta>
			<wp:meta_key><![CDATA[_menu_item_xfn]]></wp:meta_key>
			<wp:meta_value><![CDATA[]]></wp:meta_value>
		</wp:postmeta>
		<wp:postmeta>
			<wp:meta_key><![CDATA[_menu_item_url]]></wp:meta_key>
			<wp:meta_value><![CDATA[]]></wp:meta_value>
		</wp:postmeta>
	</item>
	<item>
		<title></title>
		<link>https://demo.wpcharms.com/blog-kit/default/19/</link>
		<pubDate>Sun, 20 Jan 2019 11:26:52 +0000</pubDate>
		<dc:creator><![CDATA[charmsadmin]]></dc:creator>
		<guid isPermaLink="false">https://demo.wpcharms.com/blog-kit/default/?p=19</guid>
		<description></description>
		<content:encoded><![CDATA[Description for the category Fashion goes here. Leave description field empty if you want to hide it.]]></content:encoded>
		<excerpt:encoded><![CDATA[]]></excerpt:encoded>
		<wp:post_id>19</wp:post_id>
		<wp:post_date><![CDATA[2019-01-20 11:26:52]]></wp:post_date>
		<wp:post_date_gmt><![CDATA[2019-01-20 11:26:52]]></wp:post_date_gmt>
		<wp:comment_status><![CDATA[closed]]></wp:comment_status>
		<wp:ping_status><![CDATA[closed]]></wp:ping_status>
		<wp:post_name><![CDATA[19]]></wp:post_name>
		<wp:status><![CDATA[publish]]></wp:status>
		<wp:post_parent>0</wp:post_parent>
		<wp:menu_order>3</wp:menu_order>
		<wp:post_type><![CDATA[nav_menu_item]]></wp:post_type>
		<wp:post_password><![CDATA[]]></wp:post_password>
		<wp:is_sticky>0</wp:is_sticky>
		<category domain="nav_menu" nicename="main-menu"><![CDATA[Main Menu]]></category>
		<wp:postmeta>
			<wp:meta_key><![CDATA[_menu_item_type]]></wp:meta_key>
			<wp:meta_value><![CDATA[taxonomy]]></wp:meta_value>
		</wp:postmeta>
		<wp:postmeta>
			<wp:meta_key><![CDATA[_menu_item_menu_item_parent]]></wp:meta_key>
			<wp:meta_value><![CDATA[0]]></wp:meta_value>
		</wp:postmeta>
		<wp:postmeta>
			<wp:meta_key><![CDATA[_menu_item_object_id]]></wp:meta_key>
			<wp:meta_value><![CDATA[2]]></wp:meta_value>
		</wp:postmeta>
		<wp:postmeta>
			<wp:meta_key><![CDATA[_menu_item_object]]></wp:meta_key>
			<wp:meta_value><![CDATA[category]]></wp:meta_value>
		</wp:postmeta>
		<wp:postmeta>
			<wp:meta_key><![CDATA[_menu_item_target]]></wp:meta_key>
			<wp:meta_value><![CDATA[]]></wp:meta_value>
		</wp:postmeta>
		<wp:postmeta>
			<wp:meta_key><![CDATA[_menu_item_classes]]></wp:meta_key>
			<wp:meta_value><![CDATA[a:1:{i:0;s:0:"";}]]></wp:meta_value>
		</wp:postmeta>
		<wp:postmeta>
			<wp:meta_key><![CDATA[_menu_item_xfn]]></wp:meta_key>
			<wp:meta_value><![CDATA[]]></wp:meta_value>
		</wp:postmeta>
		<wp:postmeta>
			<wp:meta_key><![CDATA[_menu_item_url]]></wp:meta_key>
			<wp:meta_value><![CDATA[]]></wp:meta_value>
		</wp:postmeta>
	</item>
	<item>
		<title></title>
		<link>https://demo.wpcharms.com/blog-kit/default/20/</link>
		<pubDate>Sun, 20 Jan 2019 11:26:52 +0000</pubDate>
		<dc:creator><![CDATA[charmsadmin]]></dc:creator>
		<guid isPermaLink="false">https://demo.wpcharms.com/blog-kit/default/?p=20</guid>
		<description></description>
		<content:encoded><![CDATA[Description for the category Photography goes here. Leave description field empty if you want to hide it.]]></content:encoded>
		<excerpt:encoded><![CDATA[]]></excerpt:encoded>
		<wp:post_id>20</wp:post_id>
		<wp:post_date><![CDATA[2019-01-20 11:26:52]]></wp:post_date>
		<wp:post_date_gmt><![CDATA[2019-01-20 11:26:52]]></wp:post_date_gmt>
		<wp:comment_status><![CDATA[closed]]></wp:comment_status>
		<wp:ping_status><![CDATA[closed]]></wp:ping_status>
		<wp:post_name><![CDATA[20]]></wp:post_name>
		<wp:status><![CDATA[publish]]></wp:status>
		<wp:post_parent>0</wp:post_parent>
		<wp:menu_order>4</wp:menu_order>
		<wp:post_type><![CDATA[nav_menu_item]]></wp:post_type>
		<wp:post_password><![CDATA[]]></wp:post_password>
		<wp:is_sticky>0</wp:is_sticky>
		<category domain="nav_menu" nicename="main-menu"><![CDATA[Main Menu]]></category>
		<wp:postmeta>
			<wp:meta_key><![CDATA[_menu_item_type]]></wp:meta_key>
			<wp:meta_value><![CDATA[taxonomy]]></wp:meta_value>
		</wp:postmeta>
		<wp:postmeta>
			<wp:meta_key><![CDATA[_menu_item_menu_item_parent]]></wp:meta_key>
			<wp:meta_value><![CDATA[0]]></wp:meta_value>
		</wp:postmeta>
		<wp:postmeta>
			<wp:meta_key><![CDATA[_menu_item_object_id]]></wp:meta_key>
			<wp:meta_value><![CDATA[5]]></wp:meta_value>
		</wp:postmeta>
		<wp:postmeta>
			<wp:meta_key><![CDATA[_menu_item_object]]></wp:meta_key>
			<wp:meta_value><![CDATA[category]]></wp:meta_value>
		</wp:postmeta>
		<wp:postmeta>
			<wp:meta_key><![CDATA[_menu_item_target]]></wp:meta_key>
			<wp:meta_value><![CDATA[]]></wp:meta_value>
		</wp:postmeta>
		<wp:postmeta>
			<wp:meta_key><![CDATA[_menu_item_classes]]></wp:meta_key>
			<wp:meta_value><![CDATA[a:1:{i:0;s:0:"";}]]></wp:meta_value>
		</wp:postmeta>
		<wp:postmeta>
			<wp:meta_key><![CDATA[_menu_item_xfn]]></wp:meta_key>
			<wp:meta_value><![CDATA[]]></wp:meta_value>
		</wp:postmeta>
		<wp:postmeta>
			<wp:meta_key><![CDATA[_menu_item_url]]></wp:meta_key>
			<wp:meta_value><![CDATA[]]></wp:meta_value>
		</wp:postmeta>
	</item>
	<item>
		<title>facebook</title>
		<link>https://demo.wpcharms.com/blog-kit/default/facebook/</link>
		<pubDate>Sun, 20 Jan 2019 11:27:59 +0000</pubDate>
		<dc:creator><![CDATA[charmsadmin]]></dc:creator>
		<guid isPermaLink="false">https://demo.wpcharms.com/blog-kit/default/?p=21</guid>
		<description></description>
		<content:encoded><![CDATA[]]></content:encoded>
		<excerpt:encoded><![CDATA[]]></excerpt:encoded>
		<wp:post_id>21</wp:post_id>
		<wp:post_date><![CDATA[2019-01-20 11:27:59]]></wp:post_date>
		<wp:post_date_gmt><![CDATA[2019-01-20 11:27:59]]></wp:post_date_gmt>
		<wp:comment_status><![CDATA[closed]]></wp:comment_status>
		<wp:ping_status><![CDATA[closed]]></wp:ping_status>
		<wp:post_name><![CDATA[facebook]]></wp:post_name>
		<wp:status><![CDATA[publish]]></wp:status>
		<wp:post_parent>0</wp:post_parent>
		<wp:menu_order>1</wp:menu_order>
		<wp:post_type><![CDATA[nav_menu_item]]></wp:post_type>
		<wp:post_password><![CDATA[]]></wp:post_password>
		<wp:is_sticky>0</wp:is_sticky>
		<category domain="nav_menu" nicename="social-menu"><![CDATA[Social Menu]]></category>
		<wp:postmeta>
			<wp:meta_key><![CDATA[_menu_item_object]]></wp:meta_key>
			<wp:meta_value><![CDATA[custom]]></wp:meta_value>
		</wp:postmeta>
		<wp:postmeta>
			<wp:meta_key><![CDATA[_menu_item_object_id]]></wp:meta_key>
			<wp:meta_value><![CDATA[21]]></wp:meta_value>
		</wp:postmeta>
		<wp:postmeta>
			<wp:meta_key><![CDATA[_menu_item_menu_item_parent]]></wp:meta_key>
			<wp:meta_value><![CDATA[0]]></wp:meta_value>
		</wp:postmeta>
		<wp:postmeta>
			<wp:meta_key><![CDATA[_menu_item_type]]></wp:meta_key>
			<wp:meta_value><![CDATA[custom]]></wp:meta_value>
		</wp:postmeta>
		<wp:postmeta>
			<wp:meta_key><![CDATA[_menu_item_target]]></wp:meta_key>
			<wp:meta_value><![CDATA[_blank]]></wp:meta_value>
		</wp:postmeta>
		<wp:postmeta>
			<wp:meta_key><![CDATA[_menu_item_classes]]></wp:meta_key>
			<wp:meta_value><![CDATA[a:1:{i:0;s:0:"";}]]></wp:meta_value>
		</wp:postmeta>
		<wp:postmeta>
			<wp:meta_key><![CDATA[_menu_item_xfn]]></wp:meta_key>
			<wp:meta_value><![CDATA[]]></wp:meta_value>
		</wp:postmeta>
		<wp:postmeta>
			<wp:meta_key><![CDATA[_menu_item_url]]></wp:meta_key>
			<wp:meta_value><![CDATA[https://facebook.com]]></wp:meta_value>
		</wp:postmeta>
	</item>
	<item>
		<title>twitter</title>
		<link>https://demo.wpcharms.com/blog-kit/default/twitter/</link>
		<pubDate>Sun, 20 Jan 2019 11:28:00 +0000</pubDate>
		<dc:creator><![CDATA[charmsadmin]]></dc:creator>
		<guid isPermaLink="false">https://demo.wpcharms.com/blog-kit/default/?p=22</guid>
		<description></description>
		<content:encoded><![CDATA[]]></content:encoded>
		<excerpt:encoded><![CDATA[]]></excerpt:encoded>
		<wp:post_id>22</wp:post_id>
		<wp:post_date><![CDATA[2019-01-20 11:28:00]]></wp:post_date>
		<wp:post_date_gmt><![CDATA[2019-01-20 11:28:00]]></wp:post_date_gmt>
		<wp:comment_status><![CDATA[closed]]></wp:comment_status>
		<wp:ping_status><![CDATA[closed]]></wp:ping_status>
		<wp:post_name><![CDATA[twitter]]></wp:post_name>
		<wp:status><![CDATA[publish]]></wp:status>
		<wp:post_parent>0</wp:post_parent>
		<wp:menu_order>2</wp:menu_order>
		<wp:post_type><![CDATA[nav_menu_item]]></wp:post_type>
		<wp:post_password><![CDATA[]]></wp:post_password>
		<wp:is_sticky>0</wp:is_sticky>
		<category domain="nav_menu" nicename="social-menu"><![CDATA[Social Menu]]></category>
		<wp:postmeta>
			<wp:meta_key><![CDATA[_menu_item_type]]></wp:meta_key>
			<wp:meta_value><![CDATA[custom]]></wp:meta_value>
		</wp:postmeta>
		<wp:postmeta>
			<wp:meta_key><![CDATA[_menu_item_menu_item_parent]]></wp:meta_key>
			<wp:meta_value><![CDATA[0]]></wp:meta_value>
		</wp:postmeta>
		<wp:postmeta>
			<wp:meta_key><![CDATA[_menu_item_object_id]]></wp:meta_key>
			<wp:meta_value><![CDATA[22]]></wp:meta_value>
		</wp:postmeta>
		<wp:postmeta>
			<wp:meta_key><![CDATA[_menu_item_object]]></wp:meta_key>
			<wp:meta_value><![CDATA[custom]]></wp:meta_value>
		</wp:postmeta>
		<wp:postmeta>
			<wp:meta_key><![CDATA[_menu_item_target]]></wp:meta_key>
			<wp:meta_value><![CDATA[_blank]]></wp:meta_value>
		</wp:postmeta>
		<wp:postmeta>
			<wp:meta_key><![CDATA[_menu_item_classes]]></wp:meta_key>
			<wp:meta_value><![CDATA[a:1:{i:0;s:0:"";}]]></wp:meta_value>
		</wp:postmeta>
		<wp:postmeta>
			<wp:meta_key><![CDATA[_menu_item_xfn]]></wp:meta_key>
			<wp:meta_value><![CDATA[]]></wp:meta_value>
		</wp:postmeta>
		<wp:postmeta>
			<wp:meta_key><![CDATA[_menu_item_url]]></wp:meta_key>
			<wp:meta_value><![CDATA[https://twitter.com]]></wp:meta_value>
		</wp:postmeta>
	</item>
	<item>
		<title>instagram</title>
		<link>https://demo.wpcharms.com/blog-kit/default/instagram/</link>
		<pubDate>Sun, 20 Jan 2019 11:28:00 +0000</pubDate>
		<dc:creator><![CDATA[charmsadmin]]></dc:creator>
		<guid isPermaLink="false">https://demo.wpcharms.com/blog-kit/default/?p=23</guid>
		<description></description>
		<content:encoded><![CDATA[]]></content:encoded>
		<excerpt:encoded><![CDATA[]]></excerpt:encoded>
		<wp:post_id>23</wp:post_id>
		<wp:post_date><![CDATA[2019-01-20 11:28:00]]></wp:post_date>
		<wp:post_date_gmt><![CDATA[2019-01-20 11:28:00]]></wp:post_date_gmt>
		<wp:comment_status><![CDATA[closed]]></wp:comment_status>
		<wp:ping_status><![CDATA[closed]]></wp:ping_status>
		<wp:post_name><![CDATA[instagram]]></wp:post_name>
		<wp:status><![CDATA[publish]]></wp:status>
		<wp:post_parent>0</wp:post_parent>
		<wp:menu_order>3</wp:menu_order>
		<wp:post_type><![CDATA[nav_menu_item]]></wp:post_type>
		<wp:post_password><![CDATA[]]></wp:post_password>
		<wp:is_sticky>0</wp:is_sticky>
		<category domain="nav_menu" nicename="social-menu"><![CDATA[Social Menu]]></category>
		<wp:postmeta>
			<wp:meta_key><![CDATA[_menu_item_type]]></wp:meta_key>
			<wp:meta_value><![CDATA[custom]]></wp:meta_value>
		</wp:postmeta>
		<wp:postmeta>
			<wp:meta_key><![CDATA[_menu_item_menu_item_parent]]></wp:meta_key>
			<wp:meta_value><![CDATA[0]]></wp:meta_value>
		</wp:postmeta>
		<wp:postmeta>
			<wp:meta_key><![CDATA[_menu_item_object_id]]></wp:meta_key>
			<wp:meta_value><![CDATA[23]]></wp:meta_value>
		</wp:postmeta>
		<wp:postmeta>
			<wp:meta_key><![CDATA[_menu_item_object]]></wp:meta_key>
			<wp:meta_value><![CDATA[custom]]></wp:meta_value>
		</wp:postmeta>
		<wp:postmeta>
			<wp:meta_key><![CDATA[_menu_item_target]]></wp:meta_key>
			<wp:meta_value><![CDATA[_blank]]></wp:meta_value>
		</wp:postmeta>
		<wp:postmeta>
			<wp:meta_key><![CDATA[_menu_item_classes]]></wp:meta_key>
			<wp:meta_value><![CDATA[a:1:{i:0;s:0:"";}]]></wp:meta_value>
		</wp:postmeta>
		<wp:postmeta>
			<wp:meta_key><![CDATA[_menu_item_xfn]]></wp:meta_key>
			<wp:meta_value><![CDATA[]]></wp:meta_value>
		</wp:postmeta>
		<wp:postmeta>
			<wp:meta_key><![CDATA[_menu_item_url]]></wp:meta_key>
			<wp:meta_value><![CDATA[https://instagram.com]]></wp:meta_value>
		</wp:postmeta>
	</item>
	<item>
		<title>Buy Pro</title>
		<link>https://demo.wpcharms.com/blog-kit/default/buy-pro/</link>
		<pubDate>Sun, 20 Jan 2019 11:31:47 +0000</pubDate>
		<dc:creator><![CDATA[charmsadmin]]></dc:creator>
		<guid isPermaLink="false">https://demo.wpcharms.com/blog-kit/default/?p=26</guid>
		<description></description>
		<content:encoded><![CDATA[]]></content:encoded>
		<excerpt:encoded><![CDATA[]]></excerpt:encoded>
		<wp:post_id>26</wp:post_id>
		<wp:post_date><![CDATA[2019-01-20 11:31:47]]></wp:post_date>
		<wp:post_date_gmt><![CDATA[2019-01-20 11:31:47]]></wp:post_date_gmt>
		<wp:comment_status><![CDATA[closed]]></wp:comment_status>
		<wp:ping_status><![CDATA[closed]]></wp:ping_status>
		<wp:post_name><![CDATA[buy-pro]]></wp:post_name>
		<wp:status><![CDATA[publish]]></wp:status>
		<wp:post_parent>0</wp:post_parent>
		<wp:menu_order>5</wp:menu_order>
		<wp:post_type><![CDATA[nav_menu_item]]></wp:post_type>
		<wp:post_password><![CDATA[]]></wp:post_password>
		<wp:is_sticky>0</wp:is_sticky>
		<category domain="nav_menu" nicename="main-menu"><![CDATA[Main Menu]]></category>
		<wp:postmeta>
			<wp:meta_key><![CDATA[_menu_item_type]]></wp:meta_key>
			<wp:meta_value><![CDATA[custom]]></wp:meta_value>
		</wp:postmeta>
		<wp:postmeta>
			<wp:meta_key><![CDATA[_menu_item_menu_item_parent]]></wp:meta_key>
			<wp:meta_value><![CDATA[0]]></wp:meta_value>
		</wp:postmeta>
		<wp:postmeta>
			<wp:meta_key><![CDATA[_menu_item_object_id]]></wp:meta_key>
			<wp:meta_value><![CDATA[26]]></wp:meta_value>
		</wp:postmeta>
		<wp:postmeta>
			<wp:meta_key><![CDATA[_menu_item_object]]></wp:meta_key>
			<wp:meta_value><![CDATA[custom]]></wp:meta_value>
		</wp:postmeta>
		<wp:postmeta>
			<wp:meta_key><![CDATA[_menu_item_target]]></wp:meta_key>
			<wp:meta_value><![CDATA[_blank]]></wp:meta_value>
		</wp:postmeta>
		<wp:postmeta>
			<wp:meta_key><![CDATA[_menu_item_classes]]></wp:meta_key>
			<wp:meta_value><![CDATA[a:1:{i:0;s:0:"";}]]></wp:meta_value>
		</wp:postmeta>
		<wp:postmeta>
			<wp:meta_key><![CDATA[_menu_item_xfn]]></wp:meta_key>
			<wp:meta_value><![CDATA[]]></wp:meta_value>
		</wp:postmeta>
		<wp:postmeta>
			<wp:meta_key><![CDATA[_menu_item_url]]></wp:meta_key>
			<wp:meta_value><![CDATA[https://wpcapsules.com/item/blog-kit-pro/]]></wp:meta_value>
		</wp:postmeta>
	</item>
</channel>
</rss>
