<?xml version="1.0" encoding="UTF-8" ?>
<!-- This is a WordPress eXtended RSS file generated by WordPress as an export of your site. -->
<!-- It contains information about your site's posts, pages, comments, categories, and other content. -->
<!-- You may use this file to transfer that content from one site to another. -->
<!-- This file is not intended to serve as a complete backup of your site. -->

<!-- To import this information into a WordPress site follow these steps: -->
<!-- 1. Log in to that site as an administrator. -->
<!-- 2. Go to Tools: Import in the WordPress admin panel. -->
<!-- 3. Install the "WordPress" importer from the list. -->
<!-- 4. Activate & Run Importer. -->
<!-- 5. Upload this file using the form provided on that page. -->
<!-- 6. You will first be asked to map the authors in this export file to users -->
<!--    on the site. For each author, you may choose to map to an -->
<!--    existing user on the site or to create a new user. -->
<!-- 7. WordPress will then import each of the posts, pages, comments, categories, etc. -->
<!--    contained in this file into your site. -->

<!-- generator="WordPress/5.0.3" created="2019-01-21 05:16" -->
<rss version="2.0"
	xmlns:excerpt="http://wordpress.org/export/1.2/excerpt/"
	xmlns:content="http://purl.org/rss/1.0/modules/content/"
	xmlns:wfw="http://wellformedweb.org/CommentAPI/"
	xmlns:dc="http://purl.org/dc/elements/1.1/"
	xmlns:wp="http://wordpress.org/export/1.2/"
>

<channel>
	<title>Blog Kit</title>
	<link>https://demo.wpcharms.com/blog-kit/elementor</link>
	<description>Elementor Theme For Blogs</description>
	<pubDate>Mon, 21 Jan 2019 05:16:46 +0000</pubDate>
	<language>en-US</language>
	<wp:wxr_version>1.2</wp:wxr_version>
	<wp:base_site_url>http://demo.wpcharms.com/blog-kit/</wp:base_site_url>
	<wp:base_blog_url>https://demo.wpcharms.com/blog-kit/elementor</wp:base_blog_url>

	<wp:author><wp:author_id>1</wp:author_id><wp:author_login><![CDATA[charmsadmin]]></wp:author_login><wp:author_email><![CDATA[wpinfo@wpcharms.com]]></wp:author_email><wp:author_display_name><![CDATA[WP Charms]]></wp:author_display_name><wp:author_first_name><![CDATA[WP]]></wp:author_first_name><wp:author_last_name><![CDATA[Charms]]></wp:author_last_name></wp:author>

	<wp:category>
		<wp:term_id>4</wp:term_id>
		<wp:category_nicename><![CDATA[editors-choice]]></wp:category_nicename>
		<wp:category_parent><![CDATA[]]></wp:category_parent>
		<wp:cat_name><![CDATA[Editors Choice]]></wp:cat_name>
	</wp:category>
	<wp:category>
		<wp:term_id>3</wp:term_id>
		<wp:category_nicename><![CDATA[latest]]></wp:category_nicename>
		<wp:category_parent><![CDATA[]]></wp:category_parent>
		<wp:cat_name><![CDATA[Latest]]></wp:cat_name>
	</wp:category>
	<wp:category>
		<wp:term_id>2</wp:term_id>
		<wp:category_nicename><![CDATA[popular]]></wp:category_nicename>
		<wp:category_parent><![CDATA[]]></wp:category_parent>
		<wp:cat_name><![CDATA[Popular]]></wp:cat_name>
	</wp:category>
	<wp:category>
		<wp:term_id>1</wp:term_id>
		<wp:category_nicename><![CDATA[uncategorized]]></wp:category_nicename>
		<wp:category_parent><![CDATA[]]></wp:category_parent>
		<wp:cat_name><![CDATA[Uncategorized]]></wp:cat_name>
	</wp:category>
	<wp:tag>
		<wp:term_id>5</wp:term_id>
		<wp:tag_slug><![CDATA[amazing]]></wp:tag_slug>
		<wp:tag_name><![CDATA[amazing]]></wp:tag_name>
	</wp:tag>
	<wp:tag>
		<wp:term_id>9</wp:term_id>
		<wp:tag_slug><![CDATA[bridge]]></wp:tag_slug>
		<wp:tag_name><![CDATA[bridge]]></wp:tag_name>
	</wp:tag>
	<wp:tag>
		<wp:term_id>8</wp:term_id>
		<wp:tag_slug><![CDATA[generation]]></wp:tag_slug>
		<wp:tag_name><![CDATA[generation]]></wp:tag_name>
	</wp:tag>
	<wp:tag>
		<wp:term_id>6</wp:term_id>
		<wp:tag_slug><![CDATA[popular]]></wp:tag_slug>
		<wp:tag_name><![CDATA[popular]]></wp:tag_name>
	</wp:tag>
	<wp:tag>
		<wp:term_id>7</wp:term_id>
		<wp:tag_slug><![CDATA[recommended]]></wp:tag_slug>
		<wp:tag_name><![CDATA[recommended]]></wp:tag_name>
	</wp:tag>
	<wp:term><wp:term_id>10</wp:term_id><wp:term_taxonomy>nav_menu</wp:term_taxonomy><wp:term_slug><![CDATA[main-menu]]></wp:term_slug><wp:term_name><![CDATA[Main Menu]]></wp:term_name>
</wp:term>
	<wp:term><wp:term_id>11</wp:term_id><wp:term_taxonomy>nav_menu</wp:term_taxonomy><wp:term_slug><![CDATA[social-menu]]></wp:term_slug><wp:term_name><![CDATA[Social Menu]]></wp:term_name>
</wp:term>

	<generator>https://wordpress.org/?v=5.0.3</generator>

<image>
	<url>https://demo.wpcharms.com/blog-kit/elementor/wp-content/uploads/sites/6/2019/01/fav-icon.png</url>
	<title>Blog Kit</title>
	<link>https://demo.wpcharms.com/blog-kit/elementor</link>
	<width>32</width>
	<height>32</height>
</image> 

	<item>
		<title>buildings</title>
		<link>https://demo.wpcharms.com/blog-kit/elementor/2017/09/08/starting-a-day-with-my-favorite-gadgets/buildings/</link>
		<pubDate>Mon, 21 Jan 2019 04:30:58 +0000</pubDate>
		<dc:creator><![CDATA[charmsadmin]]></dc:creator>
		<guid isPermaLink="false">https://demo.wpcharms.com/blog-kit/elementor/wp-content/uploads/sites/6/2019/01/buildings.jpeg</guid>
		<description></description>
		<content:encoded><![CDATA[]]></content:encoded>
		<excerpt:encoded><![CDATA[]]></excerpt:encoded>
		<wp:post_id>12</wp:post_id>
		<wp:post_date><![CDATA[2019-01-21 04:30:58]]></wp:post_date>
		<wp:post_date_gmt><![CDATA[2019-01-21 04:30:58]]></wp:post_date_gmt>
		<wp:comment_status><![CDATA[open]]></wp:comment_status>
		<wp:ping_status><![CDATA[closed]]></wp:ping_status>
		<wp:post_name><![CDATA[buildings]]></wp:post_name>
		<wp:status><![CDATA[inherit]]></wp:status>
		<wp:post_parent>6</wp:post_parent>
		<wp:menu_order>0</wp:menu_order>
		<wp:post_type><![CDATA[attachment]]></wp:post_type>
		<wp:post_password><![CDATA[]]></wp:post_password>
		<wp:is_sticky>0</wp:is_sticky>
		<wp:attachment_url><![CDATA[https://demo.wpcharms.com/blog-kit/elementor/wp-content/uploads/sites/6/2019/01/buildings.jpeg]]></wp:attachment_url>
		<wp:postmeta>
			<wp:meta_key><![CDATA[_wp_attached_file]]></wp:meta_key>
			<wp:meta_value><![CDATA[2019/01/buildings.jpeg]]></wp:meta_value>
		</wp:postmeta>
		<wp:postmeta>
			<wp:meta_key><![CDATA[_wp_attachment_metadata]]></wp:meta_key>
			<wp:meta_value><![CDATA[a:5:{s:5:"width";i:800;s:6:"height";i:540;s:4:"file";s:22:"2019/01/buildings.jpeg";s:5:"sizes";a:3:{s:9:"thumbnail";a:4:{s:4:"file";s:22:"buildings-150x150.jpeg";s:5:"width";i:150;s:6:"height";i:150;s:9:"mime-type";s:10:"image/jpeg";}s:6:"medium";a:4:{s:4:"file";s:22:"buildings-300x203.jpeg";s:5:"width";i:300;s:6:"height";i:203;s:9:"mime-type";s:10:"image/jpeg";}s:12:"medium_large";a:4:{s:4:"file";s:22:"buildings-768x518.jpeg";s:5:"width";i:768;s:6:"height";i:518;s:9:"mime-type";s:10:"image/jpeg";}}s:10:"image_meta";a:12:{s:8:"aperture";s:1:"0";s:6:"credit";s:0:"";s:6:"camera";s:0:"";s:7:"caption";s:0:"";s:17:"created_timestamp";s:1:"0";s:9:"copyright";s:0:"";s:12:"focal_length";s:1:"0";s:3:"iso";s:1:"0";s:13:"shutter_speed";s:1:"0";s:5:"title";s:0:"";s:11:"orientation";s:1:"0";s:8:"keywords";a:0:{}}}]]></wp:meta_value>
		</wp:postmeta>
	</item>
	<item>
		<title>taj</title>
		<link>https://demo.wpcharms.com/blog-kit/elementor/2017/09/08/starting-a-day-with-my-favorite-gadgets/taj/</link>
		<pubDate>Mon, 21 Jan 2019 04:31:01 +0000</pubDate>
		<dc:creator><![CDATA[charmsadmin]]></dc:creator>
		<guid isPermaLink="false">https://demo.wpcharms.com/blog-kit/elementor/wp-content/uploads/sites/6/2019/01/taj.jpeg</guid>
		<description></description>
		<content:encoded><![CDATA[]]></content:encoded>
		<excerpt:encoded><![CDATA[]]></excerpt:encoded>
		<wp:post_id>13</wp:post_id>
		<wp:post_date><![CDATA[2019-01-21 04:31:01]]></wp:post_date>
		<wp:post_date_gmt><![CDATA[2019-01-21 04:31:01]]></wp:post_date_gmt>
		<wp:comment_status><![CDATA[open]]></wp:comment_status>
		<wp:ping_status><![CDATA[closed]]></wp:ping_status>
		<wp:post_name><![CDATA[taj]]></wp:post_name>
		<wp:status><![CDATA[inherit]]></wp:status>
		<wp:post_parent>6</wp:post_parent>
		<wp:menu_order>0</wp:menu_order>
		<wp:post_type><![CDATA[attachment]]></wp:post_type>
		<wp:post_password><![CDATA[]]></wp:post_password>
		<wp:is_sticky>0</wp:is_sticky>
		<wp:attachment_url><![CDATA[https://demo.wpcharms.com/blog-kit/elementor/wp-content/uploads/sites/6/2019/01/taj.jpeg]]></wp:attachment_url>
		<wp:postmeta>
			<wp:meta_key><![CDATA[_wp_attached_file]]></wp:meta_key>
			<wp:meta_value><![CDATA[2019/01/taj.jpeg]]></wp:meta_value>
		</wp:postmeta>
		<wp:postmeta>
			<wp:meta_key><![CDATA[_wp_attachment_metadata]]></wp:meta_key>
			<wp:meta_value><![CDATA[a:5:{s:5:"width";i:800;s:6:"height";i:540;s:4:"file";s:16:"2019/01/taj.jpeg";s:5:"sizes";a:3:{s:9:"thumbnail";a:4:{s:4:"file";s:16:"taj-150x150.jpeg";s:5:"width";i:150;s:6:"height";i:150;s:9:"mime-type";s:10:"image/jpeg";}s:6:"medium";a:4:{s:4:"file";s:16:"taj-300x203.jpeg";s:5:"width";i:300;s:6:"height";i:203;s:9:"mime-type";s:10:"image/jpeg";}s:12:"medium_large";a:4:{s:4:"file";s:16:"taj-768x518.jpeg";s:5:"width";i:768;s:6:"height";i:518;s:9:"mime-type";s:10:"image/jpeg";}}s:10:"image_meta";a:12:{s:8:"aperture";s:1:"0";s:6:"credit";s:0:"";s:6:"camera";s:0:"";s:7:"caption";s:0:"";s:17:"created_timestamp";s:1:"0";s:9:"copyright";s:0:"";s:12:"focal_length";s:1:"0";s:3:"iso";s:1:"0";s:13:"shutter_speed";s:1:"0";s:5:"title";s:0:"";s:11:"orientation";s:1:"0";s:8:"keywords";a:0:{}}}]]></wp:meta_value>
		</wp:postmeta>
	</item>
	<item>
		<title>Amazing view of sunset and grain field</title>
		<link>https://demo.wpcharms.com/blog-kit/elementor/2017/09/11/amazing-view-of-sunset-and-grain-field/</link>
		<pubDate>Mon, 11 Sep 2017 04:32:02 +0000</pubDate>
		<dc:creator><![CDATA[charmsadmin]]></dc:creator>
		<guid isPermaLink="false">https://demo.wpcharms.com/blog-kit/elementor/?p=16</guid>
		<description></description>
		<content:encoded><![CDATA[<!-- wp:paragraph -->
<p>Nulla elementum ornare sagittis. Mauris pellentesque nisi ut egestas ullamcorper. Etiam a aliquet sem. Vivamus vulputate id mi at fringilla. Morbi scelerisque imperdiet lectus, eget placerat ante elementum nec. </p>
<!-- /wp:paragraph -->

<!-- wp:paragraph -->
<p>Curabitur finibus porta hendrerit. Aliquam egestas laoreet mi vitae vestibulum. Integer non lacinia ipsum. Donec sed mauris laoreet, varius ligula a, rutrum nibh.</p>
<!-- /wp:paragraph -->]]></content:encoded>
		<excerpt:encoded><![CDATA[]]></excerpt:encoded>
		<wp:post_id>16</wp:post_id>
		<wp:post_date><![CDATA[2017-09-11 04:32:02]]></wp:post_date>
		<wp:post_date_gmt><![CDATA[2017-09-11 04:32:02]]></wp:post_date_gmt>
		<wp:comment_status><![CDATA[closed]]></wp:comment_status>
		<wp:ping_status><![CDATA[closed]]></wp:ping_status>
		<wp:post_name><![CDATA[amazing-view-of-sunset-and-grain-field]]></wp:post_name>
		<wp:status><![CDATA[publish]]></wp:status>
		<wp:post_parent>0</wp:post_parent>
		<wp:menu_order>0</wp:menu_order>
		<wp:post_type><![CDATA[post]]></wp:post_type>
		<wp:post_password><![CDATA[]]></wp:post_password>
		<wp:is_sticky>0</wp:is_sticky>
		<category domain="post_tag" nicename="amazing"><![CDATA[amazing]]></category>
		<category domain="post_tag" nicename="generation"><![CDATA[generation]]></category>
		<category domain="category" nicename="latest"><![CDATA[Latest]]></category>
		<category domain="category" nicename="popular"><![CDATA[Popular]]></category>
		<category domain="post_tag" nicename="popular"><![CDATA[popular]]></category>
		<wp:postmeta>
			<wp:meta_key><![CDATA[disable_title]]></wp:meta_key>
			<wp:meta_value><![CDATA[]]></wp:meta_value>
		</wp:postmeta>
		<wp:postmeta>
			<wp:meta_key><![CDATA[_edit_last]]></wp:meta_key>
			<wp:meta_value><![CDATA[1]]></wp:meta_value>
		</wp:postmeta>
		<wp:postmeta>
			<wp:meta_key><![CDATA[_wp_old_date]]></wp:meta_key>
			<wp:meta_value><![CDATA[2019-01-21]]></wp:meta_value>
		</wp:postmeta>
		<wp:postmeta>
			<wp:meta_key><![CDATA[_thumbnail_id]]></wp:meta_key>
			<wp:meta_value><![CDATA[14]]></wp:meta_value>
		</wp:postmeta>
		<wp:postmeta>
			<wp:meta_key><![CDATA[disable_feat_image]]></wp:meta_key>
			<wp:meta_value><![CDATA[]]></wp:meta_value>
		</wp:postmeta>
		<wp:postmeta>
			<wp:meta_key><![CDATA[disable_space]]></wp:meta_key>
			<wp:meta_value><![CDATA[]]></wp:meta_value>
		</wp:postmeta>
		<wp:postmeta>
			<wp:meta_key><![CDATA[disable_sidebar_only]]></wp:meta_key>
			<wp:meta_value><![CDATA[]]></wp:meta_value>
		</wp:postmeta>
		<wp:postmeta>
			<wp:meta_key><![CDATA[disable_sidebar]]></wp:meta_key>
			<wp:meta_value><![CDATA[]]></wp:meta_value>
		</wp:postmeta>
	</item>
	<item>
		<title>laptop-table</title>
		<link>https://demo.wpcharms.com/blog-kit/elementor/2017/09/08/starting-a-day-with-my-favorite-gadgets/laptop-table/</link>
		<pubDate>Mon, 21 Jan 2019 04:30:54 +0000</pubDate>
		<dc:creator><![CDATA[charmsadmin]]></dc:creator>
		<guid isPermaLink="false">https://demo.wpcharms.com/blog-kit/elementor/wp-content/uploads/sites/6/2019/01/laptop-table.jpeg</guid>
		<description></description>
		<content:encoded><![CDATA[]]></content:encoded>
		<excerpt:encoded><![CDATA[]]></excerpt:encoded>
		<wp:post_id>9</wp:post_id>
		<wp:post_date><![CDATA[2019-01-21 04:30:54]]></wp:post_date>
		<wp:post_date_gmt><![CDATA[2019-01-21 04:30:54]]></wp:post_date_gmt>
		<wp:comment_status><![CDATA[open]]></wp:comment_status>
		<wp:ping_status><![CDATA[closed]]></wp:ping_status>
		<wp:post_name><![CDATA[laptop-table]]></wp:post_name>
		<wp:status><![CDATA[inherit]]></wp:status>
		<wp:post_parent>6</wp:post_parent>
		<wp:menu_order>0</wp:menu_order>
		<wp:post_type><![CDATA[attachment]]></wp:post_type>
		<wp:post_password><![CDATA[]]></wp:post_password>
		<wp:is_sticky>0</wp:is_sticky>
		<wp:attachment_url><![CDATA[https://demo.wpcharms.com/blog-kit/elementor/wp-content/uploads/sites/6/2019/01/laptop-table.jpeg]]></wp:attachment_url>
		<wp:postmeta>
			<wp:meta_key><![CDATA[_wp_attached_file]]></wp:meta_key>
			<wp:meta_value><![CDATA[2019/01/laptop-table.jpeg]]></wp:meta_value>
		</wp:postmeta>
		<wp:postmeta>
			<wp:meta_key><![CDATA[_wp_attachment_metadata]]></wp:meta_key>
			<wp:meta_value><![CDATA[a:5:{s:5:"width";i:800;s:6:"height";i:540;s:4:"file";s:25:"2019/01/laptop-table.jpeg";s:5:"sizes";a:3:{s:9:"thumbnail";a:4:{s:4:"file";s:25:"laptop-table-150x150.jpeg";s:5:"width";i:150;s:6:"height";i:150;s:9:"mime-type";s:10:"image/jpeg";}s:6:"medium";a:4:{s:4:"file";s:25:"laptop-table-300x203.jpeg";s:5:"width";i:300;s:6:"height";i:203;s:9:"mime-type";s:10:"image/jpeg";}s:12:"medium_large";a:4:{s:4:"file";s:25:"laptop-table-768x518.jpeg";s:5:"width";i:768;s:6:"height";i:518;s:9:"mime-type";s:10:"image/jpeg";}}s:10:"image_meta";a:12:{s:8:"aperture";s:1:"0";s:6:"credit";s:0:"";s:6:"camera";s:0:"";s:7:"caption";s:0:"";s:17:"created_timestamp";s:1:"0";s:9:"copyright";s:0:"";s:12:"focal_length";s:1:"0";s:3:"iso";s:1:"0";s:13:"shutter_speed";s:1:"0";s:5:"title";s:0:"";s:11:"orientation";s:1:"0";s:8:"keywords";a:0:{}}}]]></wp:meta_value>
		</wp:postmeta>
	</item>
	<item>
		<title>bridge</title>
		<link>https://demo.wpcharms.com/blog-kit/elementor/2017/09/08/starting-a-day-with-my-favorite-gadgets/bridge/</link>
		<pubDate>Mon, 21 Jan 2019 04:30:55 +0000</pubDate>
		<dc:creator><![CDATA[charmsadmin]]></dc:creator>
		<guid isPermaLink="false">https://demo.wpcharms.com/blog-kit/elementor/wp-content/uploads/sites/6/2019/01/bridge.jpeg</guid>
		<description></description>
		<content:encoded><![CDATA[]]></content:encoded>
		<excerpt:encoded><![CDATA[]]></excerpt:encoded>
		<wp:post_id>10</wp:post_id>
		<wp:post_date><![CDATA[2019-01-21 04:30:55]]></wp:post_date>
		<wp:post_date_gmt><![CDATA[2019-01-21 04:30:55]]></wp:post_date_gmt>
		<wp:comment_status><![CDATA[open]]></wp:comment_status>
		<wp:ping_status><![CDATA[closed]]></wp:ping_status>
		<wp:post_name><![CDATA[bridge]]></wp:post_name>
		<wp:status><![CDATA[inherit]]></wp:status>
		<wp:post_parent>6</wp:post_parent>
		<wp:menu_order>0</wp:menu_order>
		<wp:post_type><![CDATA[attachment]]></wp:post_type>
		<wp:post_password><![CDATA[]]></wp:post_password>
		<wp:is_sticky>0</wp:is_sticky>
		<wp:attachment_url><![CDATA[https://demo.wpcharms.com/blog-kit/elementor/wp-content/uploads/sites/6/2019/01/bridge.jpeg]]></wp:attachment_url>
		<wp:postmeta>
			<wp:meta_key><![CDATA[_wp_attached_file]]></wp:meta_key>
			<wp:meta_value><![CDATA[2019/01/bridge.jpeg]]></wp:meta_value>
		</wp:postmeta>
		<wp:postmeta>
			<wp:meta_key><![CDATA[_wp_attachment_metadata]]></wp:meta_key>
			<wp:meta_value><![CDATA[a:5:{s:5:"width";i:800;s:6:"height";i:540;s:4:"file";s:19:"2019/01/bridge.jpeg";s:5:"sizes";a:3:{s:9:"thumbnail";a:4:{s:4:"file";s:19:"bridge-150x150.jpeg";s:5:"width";i:150;s:6:"height";i:150;s:9:"mime-type";s:10:"image/jpeg";}s:6:"medium";a:4:{s:4:"file";s:19:"bridge-300x203.jpeg";s:5:"width";i:300;s:6:"height";i:203;s:9:"mime-type";s:10:"image/jpeg";}s:12:"medium_large";a:4:{s:4:"file";s:19:"bridge-768x518.jpeg";s:5:"width";i:768;s:6:"height";i:518;s:9:"mime-type";s:10:"image/jpeg";}}s:10:"image_meta";a:12:{s:8:"aperture";s:1:"0";s:6:"credit";s:0:"";s:6:"camera";s:0:"";s:7:"caption";s:0:"";s:17:"created_timestamp";s:1:"0";s:9:"copyright";s:0:"";s:12:"focal_length";s:1:"0";s:3:"iso";s:1:"0";s:13:"shutter_speed";s:1:"0";s:5:"title";s:0:"";s:11:"orientation";s:1:"0";s:8:"keywords";a:0:{}}}]]></wp:meta_value>
		</wp:postmeta>
	</item>
	<item>
		<title>train-track</title>
		<link>https://demo.wpcharms.com/blog-kit/elementor/2017/09/08/starting-a-day-with-my-favorite-gadgets/train-track/</link>
		<pubDate>Mon, 21 Jan 2019 04:30:56 +0000</pubDate>
		<dc:creator><![CDATA[charmsadmin]]></dc:creator>
		<guid isPermaLink="false">https://demo.wpcharms.com/blog-kit/elementor/wp-content/uploads/sites/6/2019/01/train-track.jpeg</guid>
		<description></description>
		<content:encoded><![CDATA[]]></content:encoded>
		<excerpt:encoded><![CDATA[]]></excerpt:encoded>
		<wp:post_id>11</wp:post_id>
		<wp:post_date><![CDATA[2019-01-21 04:30:56]]></wp:post_date>
		<wp:post_date_gmt><![CDATA[2019-01-21 04:30:56]]></wp:post_date_gmt>
		<wp:comment_status><![CDATA[open]]></wp:comment_status>
		<wp:ping_status><![CDATA[closed]]></wp:ping_status>
		<wp:post_name><![CDATA[train-track]]></wp:post_name>
		<wp:status><![CDATA[inherit]]></wp:status>
		<wp:post_parent>6</wp:post_parent>
		<wp:menu_order>0</wp:menu_order>
		<wp:post_type><![CDATA[attachment]]></wp:post_type>
		<wp:post_password><![CDATA[]]></wp:post_password>
		<wp:is_sticky>0</wp:is_sticky>
		<wp:attachment_url><![CDATA[https://demo.wpcharms.com/blog-kit/elementor/wp-content/uploads/sites/6/2019/01/train-track.jpeg]]></wp:attachment_url>
		<wp:postmeta>
			<wp:meta_key><![CDATA[_wp_attached_file]]></wp:meta_key>
			<wp:meta_value><![CDATA[2019/01/train-track.jpeg]]></wp:meta_value>
		</wp:postmeta>
		<wp:postmeta>
			<wp:meta_key><![CDATA[_wp_attachment_metadata]]></wp:meta_key>
			<wp:meta_value><![CDATA[a:5:{s:5:"width";i:800;s:6:"height";i:540;s:4:"file";s:24:"2019/01/train-track.jpeg";s:5:"sizes";a:3:{s:9:"thumbnail";a:4:{s:4:"file";s:24:"train-track-150x150.jpeg";s:5:"width";i:150;s:6:"height";i:150;s:9:"mime-type";s:10:"image/jpeg";}s:6:"medium";a:4:{s:4:"file";s:24:"train-track-300x203.jpeg";s:5:"width";i:300;s:6:"height";i:203;s:9:"mime-type";s:10:"image/jpeg";}s:12:"medium_large";a:4:{s:4:"file";s:24:"train-track-768x518.jpeg";s:5:"width";i:768;s:6:"height";i:518;s:9:"mime-type";s:10:"image/jpeg";}}s:10:"image_meta";a:12:{s:8:"aperture";s:1:"0";s:6:"credit";s:0:"";s:6:"camera";s:0:"";s:7:"caption";s:0:"";s:17:"created_timestamp";s:1:"0";s:9:"copyright";s:0:"";s:12:"focal_length";s:1:"0";s:3:"iso";s:1:"0";s:13:"shutter_speed";s:1:"0";s:5:"title";s:0:"";s:11:"orientation";s:1:"0";s:8:"keywords";a:0:{}}}]]></wp:meta_value>
		</wp:postmeta>
	</item>
	<item>
		<title>Starting a day with my favorite gadgets</title>
		<link>https://demo.wpcharms.com/blog-kit/elementor/2017/09/08/starting-a-day-with-my-favorite-gadgets/</link>
		<pubDate>Fri, 08 Sep 2017 12:34:18 +0000</pubDate>
		<dc:creator><![CDATA[charmsadmin]]></dc:creator>
		<guid isPermaLink="false">https://demo.wpcharms.com/blog-kit/elementor/?p=6</guid>
		<description></description>
		<content:encoded><![CDATA[<!-- wp:paragraph -->
<p>Cras tristique sodales dui, in tempus elit fringilla nec. Cras scelerisque sollicitudin nunc, ut vehicula ipsum blandit ut. Nulla ultricies tellus a blandit varius. Etiam lorem sapien, facilisis sit amet gravida id, semper eu enim. </p>
<!-- /wp:paragraph -->

<!-- wp:paragraph -->
<p>Nullam id arcu vitae metus maximus tincidunt. Nam condimentum lorem eu tellus eleifend blandit. Aliquam non fringilla lacus. Sed blandit massa et nulla semper, vitae imperdiet arcu consectetur. Morbi at iaculis est.</p>
<!-- /wp:paragraph -->]]></content:encoded>
		<excerpt:encoded><![CDATA[]]></excerpt:encoded>
		<wp:post_id>6</wp:post_id>
		<wp:post_date><![CDATA[2017-09-08 12:34:18]]></wp:post_date>
		<wp:post_date_gmt><![CDATA[2017-09-08 12:34:18]]></wp:post_date_gmt>
		<wp:comment_status><![CDATA[closed]]></wp:comment_status>
		<wp:ping_status><![CDATA[closed]]></wp:ping_status>
		<wp:post_name><![CDATA[starting-a-day-with-my-favorite-gadgets]]></wp:post_name>
		<wp:status><![CDATA[publish]]></wp:status>
		<wp:post_parent>0</wp:post_parent>
		<wp:menu_order>0</wp:menu_order>
		<wp:post_type><![CDATA[post]]></wp:post_type>
		<wp:post_password><![CDATA[]]></wp:post_password>
		<wp:is_sticky>0</wp:is_sticky>
		<category domain="post_tag" nicename="amazing"><![CDATA[amazing]]></category>
		<category domain="category" nicename="popular"><![CDATA[Popular]]></category>
		<category domain="post_tag" nicename="popular"><![CDATA[popular]]></category>
		<category domain="post_tag" nicename="recommended"><![CDATA[recommended]]></category>
		<wp:postmeta>
			<wp:meta_key><![CDATA[disable_title]]></wp:meta_key>
			<wp:meta_value><![CDATA[]]></wp:meta_value>
		</wp:postmeta>
		<wp:postmeta>
			<wp:meta_key><![CDATA[_edit_last]]></wp:meta_key>
			<wp:meta_value><![CDATA[1]]></wp:meta_value>
		</wp:postmeta>
		<wp:postmeta>
			<wp:meta_key><![CDATA[disable_feat_image]]></wp:meta_key>
			<wp:meta_value><![CDATA[]]></wp:meta_value>
		</wp:postmeta>
		<wp:postmeta>
			<wp:meta_key><![CDATA[disable_space]]></wp:meta_key>
			<wp:meta_value><![CDATA[]]></wp:meta_value>
		</wp:postmeta>
		<wp:postmeta>
			<wp:meta_key><![CDATA[disable_sidebar_only]]></wp:meta_key>
			<wp:meta_value><![CDATA[]]></wp:meta_value>
		</wp:postmeta>
		<wp:postmeta>
			<wp:meta_key><![CDATA[disable_sidebar]]></wp:meta_key>
			<wp:meta_value><![CDATA[]]></wp:meta_value>
		</wp:postmeta>
		<wp:postmeta>
			<wp:meta_key><![CDATA[_thumbnail_id]]></wp:meta_key>
			<wp:meta_value><![CDATA[9]]></wp:meta_value>
		</wp:postmeta>
		<wp:postmeta>
			<wp:meta_key><![CDATA[_wp_old_date]]></wp:meta_key>
			<wp:meta_value><![CDATA[2019-01-20]]></wp:meta_value>
		</wp:postmeta>
		<wp:postmeta>
			<wp:meta_key><![CDATA[_wp_page_template]]></wp:meta_key>
			<wp:meta_value><![CDATA[default]]></wp:meta_value>
		</wp:postmeta>
		<wp:postmeta>
			<wp:meta_key><![CDATA[_wp_old_date]]></wp:meta_key>
			<wp:meta_value><![CDATA[2017-08-08]]></wp:meta_value>
		</wp:postmeta>
	</item>
	<item>
		<title>sunset</title>
		<link>https://demo.wpcharms.com/blog-kit/elementor/2017/09/08/starting-a-day-with-my-favorite-gadgets/sunset/</link>
		<pubDate>Mon, 21 Jan 2019 04:31:02 +0000</pubDate>
		<dc:creator><![CDATA[charmsadmin]]></dc:creator>
		<guid isPermaLink="false">https://demo.wpcharms.com/blog-kit/elementor/wp-content/uploads/sites/6/2019/01/sunset.jpg</guid>
		<description></description>
		<content:encoded><![CDATA[]]></content:encoded>
		<excerpt:encoded><![CDATA[]]></excerpt:encoded>
		<wp:post_id>14</wp:post_id>
		<wp:post_date><![CDATA[2019-01-21 04:31:02]]></wp:post_date>
		<wp:post_date_gmt><![CDATA[2019-01-21 04:31:02]]></wp:post_date_gmt>
		<wp:comment_status><![CDATA[open]]></wp:comment_status>
		<wp:ping_status><![CDATA[closed]]></wp:ping_status>
		<wp:post_name><![CDATA[sunset]]></wp:post_name>
		<wp:status><![CDATA[inherit]]></wp:status>
		<wp:post_parent>6</wp:post_parent>
		<wp:menu_order>0</wp:menu_order>
		<wp:post_type><![CDATA[attachment]]></wp:post_type>
		<wp:post_password><![CDATA[]]></wp:post_password>
		<wp:is_sticky>0</wp:is_sticky>
		<wp:attachment_url><![CDATA[https://demo.wpcharms.com/blog-kit/elementor/wp-content/uploads/sites/6/2019/01/sunset.jpg]]></wp:attachment_url>
		<wp:postmeta>
			<wp:meta_key><![CDATA[_wp_attached_file]]></wp:meta_key>
			<wp:meta_value><![CDATA[2019/01/sunset.jpg]]></wp:meta_value>
		</wp:postmeta>
		<wp:postmeta>
			<wp:meta_key><![CDATA[_wp_attachment_metadata]]></wp:meta_key>
			<wp:meta_value><![CDATA[a:5:{s:5:"width";i:800;s:6:"height";i:540;s:4:"file";s:18:"2019/01/sunset.jpg";s:5:"sizes";a:3:{s:9:"thumbnail";a:4:{s:4:"file";s:18:"sunset-150x150.jpg";s:5:"width";i:150;s:6:"height";i:150;s:9:"mime-type";s:10:"image/jpeg";}s:6:"medium";a:4:{s:4:"file";s:18:"sunset-300x203.jpg";s:5:"width";i:300;s:6:"height";i:203;s:9:"mime-type";s:10:"image/jpeg";}s:12:"medium_large";a:4:{s:4:"file";s:18:"sunset-768x518.jpg";s:5:"width";i:768;s:6:"height";i:518;s:9:"mime-type";s:10:"image/jpeg";}}s:10:"image_meta";a:12:{s:8:"aperture";s:1:"0";s:6:"credit";s:0:"";s:6:"camera";s:0:"";s:7:"caption";s:0:"";s:17:"created_timestamp";s:1:"0";s:9:"copyright";s:0:"";s:12:"focal_length";s:1:"0";s:3:"iso";s:1:"0";s:13:"shutter_speed";s:1:"0";s:5:"title";s:0:"";s:11:"orientation";s:1:"0";s:8:"keywords";a:0:{}}}]]></wp:meta_value>
		</wp:postmeta>
	</item>
	<item>
		<title>Be the bridge to the next generation</title>
		<link>https://demo.wpcharms.com/blog-kit/elementor/2017/10/24/be-the-bridge-to-the-next-generation/</link>
		<pubDate>Tue, 24 Oct 2017 04:34:24 +0000</pubDate>
		<dc:creator><![CDATA[charmsadmin]]></dc:creator>
		<guid isPermaLink="false">https://demo.wpcharms.com/blog-kit/elementor/?p=18</guid>
		<description></description>
		<content:encoded><![CDATA[<!-- wp:paragraph -->
<p>Lorem ipsum dolor sit amet, consectetur adipiscing elit. Phasellus scelerisque odio vitae nunc blandit lacinia. Phasellus mauris nulla, blandit quis lorem at, eleifend hendrerit diam. </p>
<!-- /wp:paragraph -->

<!-- wp:paragraph -->
<p>Pellentesque mattis lacinia maximus. Pellentesque a eros tellus. Donec a augue ligula. Curabitur ac volutpat nisi. Aliquam erat volutpat.</p>
<!-- /wp:paragraph -->]]></content:encoded>
		<excerpt:encoded><![CDATA[]]></excerpt:encoded>
		<wp:post_id>18</wp:post_id>
		<wp:post_date><![CDATA[2017-10-24 04:34:24]]></wp:post_date>
		<wp:post_date_gmt><![CDATA[2017-10-24 04:34:24]]></wp:post_date_gmt>
		<wp:comment_status><![CDATA[closed]]></wp:comment_status>
		<wp:ping_status><![CDATA[closed]]></wp:ping_status>
		<wp:post_name><![CDATA[be-the-bridge-to-the-next-generation]]></wp:post_name>
		<wp:status><![CDATA[publish]]></wp:status>
		<wp:post_parent>0</wp:post_parent>
		<wp:menu_order>0</wp:menu_order>
		<wp:post_type><![CDATA[post]]></wp:post_type>
		<wp:post_password><![CDATA[]]></wp:post_password>
		<wp:is_sticky>0</wp:is_sticky>
		<category domain="post_tag" nicename="bridge"><![CDATA[bridge]]></category>
		<category domain="post_tag" nicename="generation"><![CDATA[generation]]></category>
		<category domain="category" nicename="latest"><![CDATA[Latest]]></category>
		<category domain="category" nicename="popular"><![CDATA[Popular]]></category>
		<category domain="post_tag" nicename="popular"><![CDATA[popular]]></category>
		<category domain="post_tag" nicename="recommended"><![CDATA[recommended]]></category>
		<wp:postmeta>
			<wp:meta_key><![CDATA[disable_title]]></wp:meta_key>
			<wp:meta_value><![CDATA[]]></wp:meta_value>
		</wp:postmeta>
		<wp:postmeta>
			<wp:meta_key><![CDATA[_edit_last]]></wp:meta_key>
			<wp:meta_value><![CDATA[1]]></wp:meta_value>
		</wp:postmeta>
		<wp:postmeta>
			<wp:meta_key><![CDATA[_wp_old_date]]></wp:meta_key>
			<wp:meta_value><![CDATA[2019-01-21]]></wp:meta_value>
		</wp:postmeta>
		<wp:postmeta>
			<wp:meta_key><![CDATA[_thumbnail_id]]></wp:meta_key>
			<wp:meta_value><![CDATA[10]]></wp:meta_value>
		</wp:postmeta>
		<wp:postmeta>
			<wp:meta_key><![CDATA[disable_feat_image]]></wp:meta_key>
			<wp:meta_value><![CDATA[]]></wp:meta_value>
		</wp:postmeta>
		<wp:postmeta>
			<wp:meta_key><![CDATA[disable_space]]></wp:meta_key>
			<wp:meta_value><![CDATA[]]></wp:meta_value>
		</wp:postmeta>
		<wp:postmeta>
			<wp:meta_key><![CDATA[disable_sidebar_only]]></wp:meta_key>
			<wp:meta_value><![CDATA[]]></wp:meta_value>
		</wp:postmeta>
		<wp:postmeta>
			<wp:meta_key><![CDATA[disable_sidebar]]></wp:meta_key>
			<wp:meta_value><![CDATA[]]></wp:meta_value>
		</wp:postmeta>
	</item>
	<item>
		<title>Home</title>
		<link>https://demo.wpcharms.com/blog-kit/elementor/</link>
		<pubDate>Mon, 21 Jan 2019 04:43:33 +0000</pubDate>
		<dc:creator><![CDATA[charmsadmin]]></dc:creator>
		<guid isPermaLink="false">https://demo.wpcharms.com/blog-kit/elementor/?page_id=27</guid>
		<description></description>
		<content:encoded><![CDATA[<h3>Article of the Day</h3>		
			<h2>A day with my favorite gadgets</h2>		
		<p>Donec consectetur, eros id tempus ultrices, lorem leo pretium est,<br />id posuere mi justo euismod tellus. Morbi vel efficitur leo.<br />Praesent non eros leo.</p>		
			<a href="#" role="button">
						Read More
					</a>
			<h2>Most Popular</h2>		
        <article id="post-18">
				<a href="https://demo.wpcharms.com/blog-kit/elementor/2017/10/24/be-the-bridge-to-the-next-generation/">
					<img width="800" height="540" src="https://demo.wpcharms.com/blog-kit/elementor/wp-content/uploads/sites/6/2019/01/bridge.jpeg" alt="" srcset="https://demo.wpcharms.com/blog-kit/elementor/wp-content/uploads/sites/6/2019/01/bridge.jpeg 800w, https://demo.wpcharms.com/blog-kit/elementor/wp-content/uploads/sites/6/2019/01/bridge-300x203.jpeg 300w, https://demo.wpcharms.com/blog-kit/elementor/wp-content/uploads/sites/6/2019/01/bridge-768x518.jpeg 768w" sizes="(max-width: 800px) 100vw, 800px" />				</a>
               				<h3>
			<a href="https://demo.wpcharms.com/blog-kit/elementor/2017/10/24/be-the-bridge-to-the-next-generation/">Be the bridge to the next generation</a>
		</h3>
            <!-- .blog-inner -->
        </article>
        <article id="post-16">
				<a href="https://demo.wpcharms.com/blog-kit/elementor/2017/09/11/amazing-view-of-sunset-and-grain-field/">
					<img width="800" height="540" src="https://demo.wpcharms.com/blog-kit/elementor/wp-content/uploads/sites/6/2019/01/sunset.jpg" alt="" srcset="https://demo.wpcharms.com/blog-kit/elementor/wp-content/uploads/sites/6/2019/01/sunset.jpg 800w, https://demo.wpcharms.com/blog-kit/elementor/wp-content/uploads/sites/6/2019/01/sunset-300x203.jpg 300w, https://demo.wpcharms.com/blog-kit/elementor/wp-content/uploads/sites/6/2019/01/sunset-768x518.jpg 768w" sizes="(max-width: 800px) 100vw, 800px" />				</a>
               				<h3>
			<a href="https://demo.wpcharms.com/blog-kit/elementor/2017/09/11/amazing-view-of-sunset-and-grain-field/">Amazing view of sunset and grain field</a>
		</h3>
            <!-- .blog-inner -->
        </article>
        <article id="post-6">
				<a href="https://demo.wpcharms.com/blog-kit/elementor/2017/08/08/starting-a-day-with-my-favorite-gadgets/">
					<img width="800" height="540" src="https://demo.wpcharms.com/blog-kit/elementor/wp-content/uploads/sites/6/2019/01/laptop-table.jpeg" alt="" srcset="https://demo.wpcharms.com/blog-kit/elementor/wp-content/uploads/sites/6/2019/01/laptop-table.jpeg 800w, https://demo.wpcharms.com/blog-kit/elementor/wp-content/uploads/sites/6/2019/01/laptop-table-300x203.jpeg 300w, https://demo.wpcharms.com/blog-kit/elementor/wp-content/uploads/sites/6/2019/01/laptop-table-768x518.jpeg 768w" sizes="(max-width: 800px) 100vw, 800px" />				</a>
               				<h3>
			<a href="https://demo.wpcharms.com/blog-kit/elementor/2017/08/08/starting-a-day-with-my-favorite-gadgets/">Starting a day with my favorite gadgets</a>
		</h3>
            <!-- .blog-inner -->
        </article>
				0
				+
							Total Articles
				0
				+
							Topics Covered
				0
				+
							Articles Per Month
				0
				+
							Comments
			<h2>Editor's Choice</h2>		
        <article id="post-24">
				<a href="https://demo.wpcharms.com/blog-kit/elementor/2018/12/21/i-didnt-want-to-fall-into-the-trap-of-complacency/">
					<img width="800" height="540" src="https://demo.wpcharms.com/blog-kit/elementor/wp-content/uploads/sites/6/2019/01/taj.jpeg" alt="" srcset="https://demo.wpcharms.com/blog-kit/elementor/wp-content/uploads/sites/6/2019/01/taj.jpeg 800w, https://demo.wpcharms.com/blog-kit/elementor/wp-content/uploads/sites/6/2019/01/taj-300x203.jpeg 300w, https://demo.wpcharms.com/blog-kit/elementor/wp-content/uploads/sites/6/2019/01/taj-768x518.jpeg 768w" sizes="(max-width: 800px) 100vw, 800px" />				</a>
               				<h3>
			<a href="https://demo.wpcharms.com/blog-kit/elementor/2018/12/21/i-didnt-want-to-fall-into-the-trap-of-complacency/">I didn&#8217;t want to fall into the trap of complacency</a>
		</h3>
			<p>Proin id tellus a orci rhoncus posuere. Nulla in nisl eu dolor sollicitudin commodo. Curabitur&hellip;</p>
			                		<a href="https://demo.wpcharms.com/blog-kit/elementor/2018/12/21/i-didnt-want-to-fall-into-the-trap-of-complacency/">Read More »</a>
				December 21, 2018
				No Comments
            <!-- .blog-inner -->
        </article>
        <article id="post-22">
				<a href="https://demo.wpcharms.com/blog-kit/elementor/2018/12/12/high-angle-view-of-cityscape-against-cloudy-sky/">
					<img width="800" height="540" src="https://demo.wpcharms.com/blog-kit/elementor/wp-content/uploads/sites/6/2019/01/buildings.jpeg" alt="" srcset="https://demo.wpcharms.com/blog-kit/elementor/wp-content/uploads/sites/6/2019/01/buildings.jpeg 800w, https://demo.wpcharms.com/blog-kit/elementor/wp-content/uploads/sites/6/2019/01/buildings-300x203.jpeg 300w, https://demo.wpcharms.com/blog-kit/elementor/wp-content/uploads/sites/6/2019/01/buildings-768x518.jpeg 768w" sizes="(max-width: 800px) 100vw, 800px" />				</a>
               				<h3>
			<a href="https://demo.wpcharms.com/blog-kit/elementor/2018/12/12/high-angle-view-of-cityscape-against-cloudy-sky/">High angle view of cityscape against cloudy sky</a>
		</h3>
			<p>Pellentesque tincidunt vestibulum ligula, dignissim pretium quam fermentum eget. Vivamus semper, odio at congue sodales,&hellip;</p>
			                		<a href="https://demo.wpcharms.com/blog-kit/elementor/2018/12/12/high-angle-view-of-cityscape-against-cloudy-sky/">Read More »</a>
				December 12, 2018
				No Comments
            <!-- .blog-inner -->
        </article>
        <article id="post-20">
				<a href="https://demo.wpcharms.com/blog-kit/elementor/2018/02/15/train-track-during-golden-hour/">
					<img width="800" height="540" src="https://demo.wpcharms.com/blog-kit/elementor/wp-content/uploads/sites/6/2019/01/train-track.jpeg" alt="" srcset="https://demo.wpcharms.com/blog-kit/elementor/wp-content/uploads/sites/6/2019/01/train-track.jpeg 800w, https://demo.wpcharms.com/blog-kit/elementor/wp-content/uploads/sites/6/2019/01/train-track-300x203.jpeg 300w, https://demo.wpcharms.com/blog-kit/elementor/wp-content/uploads/sites/6/2019/01/train-track-768x518.jpeg 768w" sizes="(max-width: 800px) 100vw, 800px" />				</a>
               				<h3>
			<a href="https://demo.wpcharms.com/blog-kit/elementor/2018/02/15/train-track-during-golden-hour/">Train track during golden hour</a>
		</h3>
			<p>Suspendisse eget lorem ut leo aliquam porta. Maecenas sed imperdiet lacus. Aenean fermentum mauris vitae&hellip;</p>
			                		<a href="https://demo.wpcharms.com/blog-kit/elementor/2018/02/15/train-track-during-golden-hour/">Read More »</a>
				February 15, 2018
				No Comments
            <!-- .blog-inner -->
        </article>]]></content:encoded>
		<excerpt:encoded><![CDATA[]]></excerpt:encoded>
		<wp:post_id>27</wp:post_id>
		<wp:post_date><![CDATA[2019-01-21 04:43:33]]></wp:post_date>
		<wp:post_date_gmt><![CDATA[2019-01-21 04:43:33]]></wp:post_date_gmt>
		<wp:comment_status><![CDATA[closed]]></wp:comment_status>
		<wp:ping_status><![CDATA[closed]]></wp:ping_status>
		<wp:post_name><![CDATA[home]]></wp:post_name>
		<wp:status><![CDATA[publish]]></wp:status>
		<wp:post_parent>0</wp:post_parent>
		<wp:menu_order>0</wp:menu_order>
		<wp:post_type><![CDATA[page]]></wp:post_type>
		<wp:post_password><![CDATA[]]></wp:post_password>
		<wp:is_sticky>0</wp:is_sticky>
		<wp:postmeta>
			<wp:meta_key><![CDATA[_edit_last]]></wp:meta_key>
			<wp:meta_value><![CDATA[1]]></wp:meta_value>
		</wp:postmeta>
		<wp:postmeta>
			<wp:meta_key><![CDATA[disable_title]]></wp:meta_key>
			<wp:meta_value><![CDATA[]]></wp:meta_value>
		</wp:postmeta>
		<wp:postmeta>
			<wp:meta_key><![CDATA[disable_feat_image]]></wp:meta_key>
			<wp:meta_value><![CDATA[]]></wp:meta_value>
		</wp:postmeta>
		<wp:postmeta>
			<wp:meta_key><![CDATA[disable_space]]></wp:meta_key>
			<wp:meta_value><![CDATA[]]></wp:meta_value>
		</wp:postmeta>
		<wp:postmeta>
			<wp:meta_key><![CDATA[disable_sidebar_only]]></wp:meta_key>
			<wp:meta_value><![CDATA[]]></wp:meta_value>
		</wp:postmeta>
		<wp:postmeta>
			<wp:meta_key><![CDATA[disable_sidebar]]></wp:meta_key>
			<wp:meta_value><![CDATA[]]></wp:meta_value>
		</wp:postmeta>
		<wp:postmeta>
			<wp:meta_key><![CDATA[_elementor_edit_mode]]></wp:meta_key>
			<wp:meta_value><![CDATA[builder]]></wp:meta_value>
		</wp:postmeta>
		<wp:postmeta>
			<wp:meta_key><![CDATA[_elementor_template_type]]></wp:meta_key>
			<wp:meta_value><![CDATA[post]]></wp:meta_value>
		</wp:postmeta>
		<wp:postmeta>
			<wp:meta_key><![CDATA[_wp_page_template]]></wp:meta_key>
			<wp:meta_value><![CDATA[elementor_header_footer]]></wp:meta_value>
		</wp:postmeta>
		<wp:postmeta>
			<wp:meta_key><![CDATA[_elementor_data]]></wp:meta_key>
			<wp:meta_value><![CDATA[[{"id":"5485ec5","elType":"section","settings":{"stretch_section":"section-stretched","content_position":"middle","background_background":"classic","background_image":{"url":"https:\/\/demo.wpcharms.com\/blog-kit\/elementor\/wp-content\/uploads\/sites\/6\/2019\/01\/laptop-table.jpeg","id":9},"background_position":"center center","background_attachment":"fixed","background_size":"cover","background_overlay_background":"classic","background_overlay_color":"#000000","padding":{"unit":"px","top":"100","right":"0","bottom":"100","left":"0","isLinked":false}},"elements":[{"id":"b5aa3c7","elType":"column","settings":{"_column_size":100},"elements":[{"id":"e6b5331","elType":"widget","settings":{"title":"Article of the Day","header_size":"h3","title_color":"#ffffff"},"elements":[],"widgetType":"heading"},{"id":"f48e9fb","elType":"widget","settings":{"title":"A day with my favorite gadgets","size":"xl","title_color":"#ffffff","typography_typography":"custom","typography_text_transform":"uppercase"},"elements":[],"widgetType":"heading"},{"id":"37cbda1","elType":"widget","settings":{"editor":"<p>Donec consectetur, eros id tempus ultrices, lorem leo pretium est,<br \/>id posuere mi justo euismod tellus. Morbi vel efficitur leo.<br \/>Praesent non eros leo.<\/p>","text_color":"#ffffff"},"elements":[],"widgetType":"text-editor"},{"id":"1f94c72","elType":"widget","settings":{"text":"Read More","button_text_color":"#ffffff","background_color":"#33b7ff","hover_color":"#ffffff","button_background_hover_color":"#fe6619"},"elements":[],"widgetType":"button"}],"isInner":false}],"isInner":false},{"id":"e161f15","elType":"section","settings":{"padding":{"unit":"px","top":"100","right":"0","bottom":"100","left":"0","isLinked":false}},"elements":[{"id":"d45ae30","elType":"column","settings":{"_column_size":100},"elements":[{"id":"62c3d0f","elType":"widget","settings":{"title":"Most Popular","align":"center","title_color":"#000000","_margin":{"unit":"px","top":"0","right":"0","bottom":"45","left":"0","isLinked":false}},"elements":[],"widgetType":"heading"},{"id":"59b111f","elType":"widget","settings":{"meta_data":[],"meta_separator":"\/","show_excerpt":"","show_read_more":"","read_more_text":"Read More \u00bb","content_align":"center","post_categories":["popular"]},"elements":[],"widgetType":"elementor-blog-posts"}],"isInner":false}],"isInner":false},{"id":"67a30f8","elType":"section","settings":{"stretch_section":"section-stretched","background_background":"classic","background_image":{"url":"https:\/\/demo.wpcharms.com\/blog-kit\/elementor\/wp-content\/uploads\/sites\/6\/2019\/01\/sunset.jpg","id":14},"background_position":"center center","background_attachment":"fixed","background_size":"cover","background_overlay_background":"classic","background_overlay_color":"#000000","padding":{"unit":"px","top":"100","right":"0","bottom":"100","left":"0","isLinked":false}},"elements":[{"id":"79de5df","elType":"column","settings":{"_column_size":100},"elements":[{"id":"9eb544a","elType":"section","settings":{"structure":"40"},"elements":[{"id":"6e6fb7d","elType":"column","settings":{"_column_size":25,"_inline_size":null},"elements":[{"id":"4b6e911","elType":"widget","settings":{"ending_number":550,"suffix":"+","title":"Total Articles","number_color":"#ffffff","title_color":"#ffffff"},"elements":[],"widgetType":"counter"}],"isInner":true},{"id":"7cd8c46","elType":"column","settings":{"_column_size":25,"_inline_size":null},"elements":[{"id":"263d2ac","elType":"widget","settings":{"ending_number":55,"suffix":"+","title":"Topics Covered","number_color":"#ffffff","title_color":"#ffffff"},"elements":[],"widgetType":"counter"}],"isInner":true},{"id":"624282f","elType":"column","settings":{"_column_size":25,"_inline_size":null},"elements":[{"id":"05e6fa9","elType":"widget","settings":{"ending_number":12,"suffix":"+","title":"Articles Per Month","number_color":"#ffffff","title_color":"#ffffff"},"elements":[],"widgetType":"counter"}],"isInner":true},{"id":"df386e7","elType":"column","settings":{"_column_size":25,"_inline_size":null},"elements":[{"id":"327c845","elType":"widget","settings":{"ending_number":1400,"suffix":"+","title":"Comments","number_color":"#ffffff","title_color":"#ffffff"},"elements":[],"widgetType":"counter"}],"isInner":true}],"isInner":true}],"isInner":false}],"isInner":false},{"id":"602e8bf","elType":"section","settings":{"padding":{"unit":"px","top":"100","right":"0","bottom":"100","left":"0","isLinked":false}},"elements":[{"id":"8189bd4","elType":"column","settings":{"_column_size":100},"elements":[{"id":"c4ed344","elType":"widget","settings":{"title":"Editor's Choice","align":"center","title_color":"#000000","_margin":{"unit":"px","top":"0","right":"0","bottom":"45","left":"0","isLinked":false}},"elements":[],"widgetType":"heading"},{"id":"df0e752","elType":"widget","settings":{"grid_style":"5","meta_separator":"\/","excerpt_length":15,"read_more_text":"Read More \u00bb","post_categories":["editors-choice"]},"elements":[],"widgetType":"elementor-blog-posts"}],"isInner":false}],"isInner":false}]]]></wp:meta_value>
		</wp:postmeta>
		<wp:postmeta>
			<wp:meta_key><![CDATA[_elementor_version]]></wp:meta_key>
			<wp:meta_value><![CDATA[0.4]]></wp:meta_value>
		</wp:postmeta>
	</item>
	<item>
		<title>Blog</title>
		<link>https://demo.wpcharms.com/blog-kit/elementor/blog/</link>
		<pubDate>Mon, 21 Jan 2019 04:44:17 +0000</pubDate>
		<dc:creator><![CDATA[charmsadmin]]></dc:creator>
		<guid isPermaLink="false">https://demo.wpcharms.com/blog-kit/elementor/?page_id=29</guid>
		<description></description>
		<content:encoded><![CDATA[]]></content:encoded>
		<excerpt:encoded><![CDATA[]]></excerpt:encoded>
		<wp:post_id>29</wp:post_id>
		<wp:post_date><![CDATA[2019-01-21 04:44:17]]></wp:post_date>
		<wp:post_date_gmt><![CDATA[2019-01-21 04:44:17]]></wp:post_date_gmt>
		<wp:comment_status><![CDATA[closed]]></wp:comment_status>
		<wp:ping_status><![CDATA[closed]]></wp:ping_status>
		<wp:post_name><![CDATA[blog]]></wp:post_name>
		<wp:status><![CDATA[publish]]></wp:status>
		<wp:post_parent>0</wp:post_parent>
		<wp:menu_order>0</wp:menu_order>
		<wp:post_type><![CDATA[page]]></wp:post_type>
		<wp:post_password><![CDATA[]]></wp:post_password>
		<wp:is_sticky>0</wp:is_sticky>
		<wp:postmeta>
			<wp:meta_key><![CDATA[_edit_last]]></wp:meta_key>
			<wp:meta_value><![CDATA[1]]></wp:meta_value>
		</wp:postmeta>
		<wp:postmeta>
			<wp:meta_key><![CDATA[disable_title]]></wp:meta_key>
			<wp:meta_value><![CDATA[]]></wp:meta_value>
		</wp:postmeta>
		<wp:postmeta>
			<wp:meta_key><![CDATA[disable_feat_image]]></wp:meta_key>
			<wp:meta_value><![CDATA[]]></wp:meta_value>
		</wp:postmeta>
		<wp:postmeta>
			<wp:meta_key><![CDATA[disable_space]]></wp:meta_key>
			<wp:meta_value><![CDATA[]]></wp:meta_value>
		</wp:postmeta>
		<wp:postmeta>
			<wp:meta_key><![CDATA[disable_sidebar_only]]></wp:meta_key>
			<wp:meta_value><![CDATA[]]></wp:meta_value>
		</wp:postmeta>
		<wp:postmeta>
			<wp:meta_key><![CDATA[disable_sidebar]]></wp:meta_key>
			<wp:meta_value><![CDATA[]]></wp:meta_value>
		</wp:postmeta>
	</item>
	<item>
		<title>Contact Us</title>
		<link>https://demo.wpcharms.com/blog-kit/elementor/contact-us/</link>
		<pubDate>Mon, 21 Jan 2019 04:44:30 +0000</pubDate>
		<dc:creator><![CDATA[charmsadmin]]></dc:creator>
		<guid isPermaLink="false">https://demo.wpcharms.com/blog-kit/elementor/?page_id=31</guid>
		<description></description>
		<content:encoded><![CDATA[<iframe frameborder="0" scrolling="no" marginheight="0" marginwidth="0" src="https://maps.google.com/maps?q=London%20Eye%2C%20London%2C%20United%20Kingdom&amp;t=m&amp;z=10&amp;output=embed&amp;iwloc=near" aria-label="London Eye, London, United Kingdom"></iframe>		
				<h3>
					Address
				</h3>
				<p>Coca-Cola London Eye</p>
				<h3>
					Email
				</h3>
				<p>info@blogkit.com</p>
				<h3>
					Phone
				</h3>
				<p>+22-9876-2345</p>]]></content:encoded>
		<excerpt:encoded><![CDATA[]]></excerpt:encoded>
		<wp:post_id>31</wp:post_id>
		<wp:post_date><![CDATA[2019-01-21 04:44:30]]></wp:post_date>
		<wp:post_date_gmt><![CDATA[2019-01-21 04:44:30]]></wp:post_date_gmt>
		<wp:comment_status><![CDATA[closed]]></wp:comment_status>
		<wp:ping_status><![CDATA[closed]]></wp:ping_status>
		<wp:post_name><![CDATA[contact-us]]></wp:post_name>
		<wp:status><![CDATA[publish]]></wp:status>
		<wp:post_parent>0</wp:post_parent>
		<wp:menu_order>0</wp:menu_order>
		<wp:post_type><![CDATA[page]]></wp:post_type>
		<wp:post_password><![CDATA[]]></wp:post_password>
		<wp:is_sticky>0</wp:is_sticky>
		<wp:postmeta>
			<wp:meta_key><![CDATA[_edit_last]]></wp:meta_key>
			<wp:meta_value><![CDATA[1]]></wp:meta_value>
		</wp:postmeta>
		<wp:postmeta>
			<wp:meta_key><![CDATA[disable_title]]></wp:meta_key>
			<wp:meta_value><![CDATA[]]></wp:meta_value>
		</wp:postmeta>
		<wp:postmeta>
			<wp:meta_key><![CDATA[disable_feat_image]]></wp:meta_key>
			<wp:meta_value><![CDATA[]]></wp:meta_value>
		</wp:postmeta>
		<wp:postmeta>
			<wp:meta_key><![CDATA[disable_space]]></wp:meta_key>
			<wp:meta_value><![CDATA[]]></wp:meta_value>
		</wp:postmeta>
		<wp:postmeta>
			<wp:meta_key><![CDATA[disable_sidebar_only]]></wp:meta_key>
			<wp:meta_value><![CDATA[]]></wp:meta_value>
		</wp:postmeta>
		<wp:postmeta>
			<wp:meta_key><![CDATA[disable_sidebar]]></wp:meta_key>
			<wp:meta_value><![CDATA[]]></wp:meta_value>
		</wp:postmeta>
		<wp:postmeta>
			<wp:meta_key><![CDATA[_elementor_edit_mode]]></wp:meta_key>
			<wp:meta_value><![CDATA[builder]]></wp:meta_value>
		</wp:postmeta>
		<wp:postmeta>
			<wp:meta_key><![CDATA[_elementor_template_type]]></wp:meta_key>
			<wp:meta_value><![CDATA[post]]></wp:meta_value>
		</wp:postmeta>
		<wp:postmeta>
			<wp:meta_key><![CDATA[_wp_page_template]]></wp:meta_key>
			<wp:meta_value><![CDATA[default]]></wp:meta_value>
		</wp:postmeta>
		<wp:postmeta>
			<wp:meta_key><![CDATA[_elementor_data]]></wp:meta_key>
			<wp:meta_value><![CDATA[[{"id":"1663b4c","elType":"section","settings":[],"elements":[{"id":"b026e65","elType":"column","settings":{"_column_size":100},"elements":[{"id":"27c9550","elType":"widget","settings":{"address":"London Eye, London, United Kingdom"},"elements":[],"widgetType":"google_maps"}],"isInner":false}],"isInner":false},{"id":"b8ab88d","elType":"section","settings":{"structure":"30","padding":{"unit":"px","top":"60","right":"0","bottom":"5","left":"0","isLinked":false}},"elements":[{"id":"3b4f081","elType":"column","settings":{"_column_size":33,"_inline_size":null},"elements":[{"id":"2c675c5","elType":"widget","settings":{"icon":"fa fa-map-marker","title_text":"Address","description_text":"Coca-Cola London Eye","position":"left","primary_color":"#000000","icon_space":{"unit":"px","size":10},"icon_size":{"unit":"px","size":40},"title_color":"#000000","title_typography_typography":"custom","title_typography_font_weight":"400"},"elements":[],"widgetType":"icon-box"}],"isInner":false},{"id":"8ba2812","elType":"column","settings":{"_column_size":33,"_inline_size":null},"elements":[{"id":"8177c88","elType":"widget","settings":{"icon":"fa fa-envelope","title_text":"Email","description_text":"info@blogkit.com","position":"left","primary_color":"#000000","icon_space":{"unit":"px","size":10},"icon_size":{"unit":"px","size":40},"title_color":"#000000","title_typography_typography":"custom","title_typography_font_weight":"400"},"elements":[],"widgetType":"icon-box"}],"isInner":false},{"id":"5c1379d","elType":"column","settings":{"_column_size":33,"_inline_size":null},"elements":[{"id":"597086d","elType":"widget","settings":{"icon":"fa fa-phone-square","title_text":"Phone","description_text":"+22-9876-2345","position":"left","primary_color":"#000000","icon_space":{"unit":"px","size":10},"icon_size":{"unit":"px","size":40},"title_color":"#000000","title_typography_typography":"custom","title_typography_font_weight":"400"},"elements":[],"widgetType":"icon-box"}],"isInner":false}],"isInner":false}]]]></wp:meta_value>
		</wp:postmeta>
		<wp:postmeta>
			<wp:meta_key><![CDATA[_elementor_version]]></wp:meta_key>
			<wp:meta_value><![CDATA[0.4]]></wp:meta_value>
		</wp:postmeta>
	</item>
	<item>
		<title></title>
		<link>https://demo.wpcharms.com/blog-kit/elementor/2019/01/21/47/</link>
		<pubDate>Mon, 21 Jan 2019 05:03:18 +0000</pubDate>
		<dc:creator><![CDATA[charmsadmin]]></dc:creator>
		<guid isPermaLink="false">https://demo.wpcharms.com/blog-kit/elementor/?p=47</guid>
		<description></description>
		<content:encoded><![CDATA[ ]]></content:encoded>
		<excerpt:encoded><![CDATA[]]></excerpt:encoded>
		<wp:post_id>47</wp:post_id>
		<wp:post_date><![CDATA[2019-01-21 05:03:18]]></wp:post_date>
		<wp:post_date_gmt><![CDATA[2019-01-21 05:03:18]]></wp:post_date_gmt>
		<wp:comment_status><![CDATA[closed]]></wp:comment_status>
		<wp:ping_status><![CDATA[closed]]></wp:ping_status>
		<wp:post_name><![CDATA[47]]></wp:post_name>
		<wp:status><![CDATA[publish]]></wp:status>
		<wp:post_parent>0</wp:post_parent>
		<wp:menu_order>3</wp:menu_order>
		<wp:post_type><![CDATA[nav_menu_item]]></wp:post_type>
		<wp:post_password><![CDATA[]]></wp:post_password>
		<wp:is_sticky>0</wp:is_sticky>
		<category domain="nav_menu" nicename="main-menu"><![CDATA[Main Menu]]></category>
		<wp:postmeta>
			<wp:meta_key><![CDATA[_menu_item_type]]></wp:meta_key>
			<wp:meta_value><![CDATA[post_type]]></wp:meta_value>
		</wp:postmeta>
		<wp:postmeta>
			<wp:meta_key><![CDATA[_menu_item_menu_item_parent]]></wp:meta_key>
			<wp:meta_value><![CDATA[0]]></wp:meta_value>
		</wp:postmeta>
		<wp:postmeta>
			<wp:meta_key><![CDATA[_menu_item_object_id]]></wp:meta_key>
			<wp:meta_value><![CDATA[31]]></wp:meta_value>
		</wp:postmeta>
		<wp:postmeta>
			<wp:meta_key><![CDATA[_menu_item_object]]></wp:meta_key>
			<wp:meta_value><![CDATA[page]]></wp:meta_value>
		</wp:postmeta>
		<wp:postmeta>
			<wp:meta_key><![CDATA[_menu_item_target]]></wp:meta_key>
			<wp:meta_value><![CDATA[]]></wp:meta_value>
		</wp:postmeta>
		<wp:postmeta>
			<wp:meta_key><![CDATA[_menu_item_classes]]></wp:meta_key>
			<wp:meta_value><![CDATA[a:1:{i:0;s:0:"";}]]></wp:meta_value>
		</wp:postmeta>
		<wp:postmeta>
			<wp:meta_key><![CDATA[_menu_item_xfn]]></wp:meta_key>
			<wp:meta_value><![CDATA[]]></wp:meta_value>
		</wp:postmeta>
		<wp:postmeta>
			<wp:meta_key><![CDATA[_menu_item_url]]></wp:meta_key>
			<wp:meta_value><![CDATA[]]></wp:meta_value>
		</wp:postmeta>
	</item>
	<item>
		<title></title>
		<link>https://demo.wpcharms.com/blog-kit/elementor/2019/01/21/48/</link>
		<pubDate>Mon, 21 Jan 2019 05:03:18 +0000</pubDate>
		<dc:creator><![CDATA[charmsadmin]]></dc:creator>
		<guid isPermaLink="false">https://demo.wpcharms.com/blog-kit/elementor/?p=48</guid>
		<description></description>
		<content:encoded><![CDATA[ ]]></content:encoded>
		<excerpt:encoded><![CDATA[]]></excerpt:encoded>
		<wp:post_id>48</wp:post_id>
		<wp:post_date><![CDATA[2019-01-21 05:03:18]]></wp:post_date>
		<wp:post_date_gmt><![CDATA[2019-01-21 05:03:18]]></wp:post_date_gmt>
		<wp:comment_status><![CDATA[closed]]></wp:comment_status>
		<wp:ping_status><![CDATA[closed]]></wp:ping_status>
		<wp:post_name><![CDATA[48]]></wp:post_name>
		<wp:status><![CDATA[publish]]></wp:status>
		<wp:post_parent>0</wp:post_parent>
		<wp:menu_order>2</wp:menu_order>
		<wp:post_type><![CDATA[nav_menu_item]]></wp:post_type>
		<wp:post_password><![CDATA[]]></wp:post_password>
		<wp:is_sticky>0</wp:is_sticky>
		<category domain="nav_menu" nicename="main-menu"><![CDATA[Main Menu]]></category>
		<wp:postmeta>
			<wp:meta_key><![CDATA[_menu_item_type]]></wp:meta_key>
			<wp:meta_value><![CDATA[post_type]]></wp:meta_value>
		</wp:postmeta>
		<wp:postmeta>
			<wp:meta_key><![CDATA[_menu_item_menu_item_parent]]></wp:meta_key>
			<wp:meta_value><![CDATA[0]]></wp:meta_value>
		</wp:postmeta>
		<wp:postmeta>
			<wp:meta_key><![CDATA[_menu_item_object_id]]></wp:meta_key>
			<wp:meta_value><![CDATA[29]]></wp:meta_value>
		</wp:postmeta>
		<wp:postmeta>
			<wp:meta_key><![CDATA[_menu_item_object]]></wp:meta_key>
			<wp:meta_value><![CDATA[page]]></wp:meta_value>
		</wp:postmeta>
		<wp:postmeta>
			<wp:meta_key><![CDATA[_menu_item_target]]></wp:meta_key>
			<wp:meta_value><![CDATA[]]></wp:meta_value>
		</wp:postmeta>
		<wp:postmeta>
			<wp:meta_key><![CDATA[_menu_item_classes]]></wp:meta_key>
			<wp:meta_value><![CDATA[a:1:{i:0;s:0:"";}]]></wp:meta_value>
		</wp:postmeta>
		<wp:postmeta>
			<wp:meta_key><![CDATA[_menu_item_xfn]]></wp:meta_key>
			<wp:meta_value><![CDATA[]]></wp:meta_value>
		</wp:postmeta>
		<wp:postmeta>
			<wp:meta_key><![CDATA[_menu_item_url]]></wp:meta_key>
			<wp:meta_value><![CDATA[]]></wp:meta_value>
		</wp:postmeta>
	</item>
	<item>
		<title></title>
		<link>https://demo.wpcharms.com/blog-kit/elementor/2019/01/21/49/</link>
		<pubDate>Mon, 21 Jan 2019 05:03:18 +0000</pubDate>
		<dc:creator><![CDATA[charmsadmin]]></dc:creator>
		<guid isPermaLink="false">https://demo.wpcharms.com/blog-kit/elementor/?p=49</guid>
		<description></description>
		<content:encoded><![CDATA[ ]]></content:encoded>
		<excerpt:encoded><![CDATA[]]></excerpt:encoded>
		<wp:post_id>49</wp:post_id>
		<wp:post_date><![CDATA[2019-01-21 05:03:18]]></wp:post_date>
		<wp:post_date_gmt><![CDATA[2019-01-21 05:03:18]]></wp:post_date_gmt>
		<wp:comment_status><![CDATA[closed]]></wp:comment_status>
		<wp:ping_status><![CDATA[closed]]></wp:ping_status>
		<wp:post_name><![CDATA[49]]></wp:post_name>
		<wp:status><![CDATA[publish]]></wp:status>
		<wp:post_parent>0</wp:post_parent>
		<wp:menu_order>1</wp:menu_order>
		<wp:post_type><![CDATA[nav_menu_item]]></wp:post_type>
		<wp:post_password><![CDATA[]]></wp:post_password>
		<wp:is_sticky>0</wp:is_sticky>
		<category domain="nav_menu" nicename="main-menu"><![CDATA[Main Menu]]></category>
		<wp:postmeta>
			<wp:meta_key><![CDATA[_menu_item_type]]></wp:meta_key>
			<wp:meta_value><![CDATA[post_type]]></wp:meta_value>
		</wp:postmeta>
		<wp:postmeta>
			<wp:meta_key><![CDATA[_menu_item_menu_item_parent]]></wp:meta_key>
			<wp:meta_value><![CDATA[0]]></wp:meta_value>
		</wp:postmeta>
		<wp:postmeta>
			<wp:meta_key><![CDATA[_menu_item_object_id]]></wp:meta_key>
			<wp:meta_value><![CDATA[27]]></wp:meta_value>
		</wp:postmeta>
		<wp:postmeta>
			<wp:meta_key><![CDATA[_menu_item_object]]></wp:meta_key>
			<wp:meta_value><![CDATA[page]]></wp:meta_value>
		</wp:postmeta>
		<wp:postmeta>
			<wp:meta_key><![CDATA[_menu_item_target]]></wp:meta_key>
			<wp:meta_value><![CDATA[]]></wp:meta_value>
		</wp:postmeta>
		<wp:postmeta>
			<wp:meta_key><![CDATA[_menu_item_classes]]></wp:meta_key>
			<wp:meta_value><![CDATA[a:1:{i:0;s:0:"";}]]></wp:meta_value>
		</wp:postmeta>
		<wp:postmeta>
			<wp:meta_key><![CDATA[_menu_item_xfn]]></wp:meta_key>
			<wp:meta_value><![CDATA[]]></wp:meta_value>
		</wp:postmeta>
		<wp:postmeta>
			<wp:meta_key><![CDATA[_menu_item_url]]></wp:meta_key>
			<wp:meta_value><![CDATA[]]></wp:meta_value>
		</wp:postmeta>
	</item>
	<item>
		<title>Buy Pro</title>
		<link>https://demo.wpcharms.com/blog-kit/elementor/2019/01/21/buy-pro/</link>
		<pubDate>Mon, 21 Jan 2019 05:03:18 +0000</pubDate>
		<dc:creator><![CDATA[charmsadmin]]></dc:creator>
		<guid isPermaLink="false">https://demo.wpcharms.com/blog-kit/elementor/?p=50</guid>
		<description></description>
		<content:encoded><![CDATA[]]></content:encoded>
		<excerpt:encoded><![CDATA[]]></excerpt:encoded>
		<wp:post_id>50</wp:post_id>
		<wp:post_date><![CDATA[2019-01-21 05:03:18]]></wp:post_date>
		<wp:post_date_gmt><![CDATA[2019-01-21 05:03:18]]></wp:post_date_gmt>
		<wp:comment_status><![CDATA[closed]]></wp:comment_status>
		<wp:ping_status><![CDATA[closed]]></wp:ping_status>
		<wp:post_name><![CDATA[buy-pro]]></wp:post_name>
		<wp:status><![CDATA[publish]]></wp:status>
		<wp:post_parent>0</wp:post_parent>
		<wp:menu_order>4</wp:menu_order>
		<wp:post_type><![CDATA[nav_menu_item]]></wp:post_type>
		<wp:post_password><![CDATA[]]></wp:post_password>
		<wp:is_sticky>0</wp:is_sticky>
		<category domain="nav_menu" nicename="main-menu"><![CDATA[Main Menu]]></category>
		<wp:postmeta>
			<wp:meta_key><![CDATA[_menu_item_type]]></wp:meta_key>
			<wp:meta_value><![CDATA[custom]]></wp:meta_value>
		</wp:postmeta>
		<wp:postmeta>
			<wp:meta_key><![CDATA[_menu_item_menu_item_parent]]></wp:meta_key>
			<wp:meta_value><![CDATA[0]]></wp:meta_value>
		</wp:postmeta>
		<wp:postmeta>
			<wp:meta_key><![CDATA[_menu_item_object_id]]></wp:meta_key>
			<wp:meta_value><![CDATA[50]]></wp:meta_value>
		</wp:postmeta>
		<wp:postmeta>
			<wp:meta_key><![CDATA[_menu_item_object]]></wp:meta_key>
			<wp:meta_value><![CDATA[custom]]></wp:meta_value>
		</wp:postmeta>
		<wp:postmeta>
			<wp:meta_key><![CDATA[_menu_item_target]]></wp:meta_key>
			<wp:meta_value><![CDATA[_blank]]></wp:meta_value>
		</wp:postmeta>
		<wp:postmeta>
			<wp:meta_key><![CDATA[_menu_item_classes]]></wp:meta_key>
			<wp:meta_value><![CDATA[a:1:{i:0;s:0:"";}]]></wp:meta_value>
		</wp:postmeta>
		<wp:postmeta>
			<wp:meta_key><![CDATA[_menu_item_xfn]]></wp:meta_key>
			<wp:meta_value><![CDATA[]]></wp:meta_value>
		</wp:postmeta>
		<wp:postmeta>
			<wp:meta_key><![CDATA[_menu_item_url]]></wp:meta_key>
			<wp:meta_value><![CDATA[https://wpcapsules.com/item/blog-kit-pro/]]></wp:meta_value>
		</wp:postmeta>
	</item>
	<item>
		<title>facebook</title>
		<link>https://demo.wpcharms.com/blog-kit/elementor/2019/01/21/facebook/</link>
		<pubDate>Mon, 21 Jan 2019 05:04:35 +0000</pubDate>
		<dc:creator><![CDATA[charmsadmin]]></dc:creator>
		<guid isPermaLink="false">https://demo.wpcharms.com/blog-kit/elementor/?p=51</guid>
		<description></description>
		<content:encoded><![CDATA[]]></content:encoded>
		<excerpt:encoded><![CDATA[]]></excerpt:encoded>
		<wp:post_id>51</wp:post_id>
		<wp:post_date><![CDATA[2019-01-21 05:04:35]]></wp:post_date>
		<wp:post_date_gmt><![CDATA[2019-01-21 05:04:35]]></wp:post_date_gmt>
		<wp:comment_status><![CDATA[closed]]></wp:comment_status>
		<wp:ping_status><![CDATA[closed]]></wp:ping_status>
		<wp:post_name><![CDATA[facebook]]></wp:post_name>
		<wp:status><![CDATA[publish]]></wp:status>
		<wp:post_parent>0</wp:post_parent>
		<wp:menu_order>1</wp:menu_order>
		<wp:post_type><![CDATA[nav_menu_item]]></wp:post_type>
		<wp:post_password><![CDATA[]]></wp:post_password>
		<wp:is_sticky>0</wp:is_sticky>
		<category domain="nav_menu" nicename="social-menu"><![CDATA[Social Menu]]></category>
		<wp:postmeta>
			<wp:meta_key><![CDATA[_menu_item_menu_item_parent]]></wp:meta_key>
			<wp:meta_value><![CDATA[0]]></wp:meta_value>
		</wp:postmeta>
		<wp:postmeta>
			<wp:meta_key><![CDATA[_menu_item_object_id]]></wp:meta_key>
			<wp:meta_value><![CDATA[51]]></wp:meta_value>
		</wp:postmeta>
		<wp:postmeta>
			<wp:meta_key><![CDATA[_menu_item_type]]></wp:meta_key>
			<wp:meta_value><![CDATA[custom]]></wp:meta_value>
		</wp:postmeta>
		<wp:postmeta>
			<wp:meta_key><![CDATA[_menu_item_object]]></wp:meta_key>
			<wp:meta_value><![CDATA[custom]]></wp:meta_value>
		</wp:postmeta>
		<wp:postmeta>
			<wp:meta_key><![CDATA[_menu_item_target]]></wp:meta_key>
			<wp:meta_value><![CDATA[_blank]]></wp:meta_value>
		</wp:postmeta>
		<wp:postmeta>
			<wp:meta_key><![CDATA[_menu_item_classes]]></wp:meta_key>
			<wp:meta_value><![CDATA[a:1:{i:0;s:0:"";}]]></wp:meta_value>
		</wp:postmeta>
		<wp:postmeta>
			<wp:meta_key><![CDATA[_menu_item_xfn]]></wp:meta_key>
			<wp:meta_value><![CDATA[]]></wp:meta_value>
		</wp:postmeta>
		<wp:postmeta>
			<wp:meta_key><![CDATA[_menu_item_url]]></wp:meta_key>
			<wp:meta_value><![CDATA[https://facebook.com]]></wp:meta_value>
		</wp:postmeta>
	</item>
	<item>
		<title>twitter</title>
		<link>https://demo.wpcharms.com/blog-kit/elementor/2019/01/21/twitter/</link>
		<pubDate>Mon, 21 Jan 2019 05:04:35 +0000</pubDate>
		<dc:creator><![CDATA[charmsadmin]]></dc:creator>
		<guid isPermaLink="false">https://demo.wpcharms.com/blog-kit/elementor/?p=52</guid>
		<description></description>
		<content:encoded><![CDATA[]]></content:encoded>
		<excerpt:encoded><![CDATA[]]></excerpt:encoded>
		<wp:post_id>52</wp:post_id>
		<wp:post_date><![CDATA[2019-01-21 05:04:35]]></wp:post_date>
		<wp:post_date_gmt><![CDATA[2019-01-21 05:04:35]]></wp:post_date_gmt>
		<wp:comment_status><![CDATA[closed]]></wp:comment_status>
		<wp:ping_status><![CDATA[closed]]></wp:ping_status>
		<wp:post_name><![CDATA[twitter]]></wp:post_name>
		<wp:status><![CDATA[publish]]></wp:status>
		<wp:post_parent>0</wp:post_parent>
		<wp:menu_order>2</wp:menu_order>
		<wp:post_type><![CDATA[nav_menu_item]]></wp:post_type>
		<wp:post_password><![CDATA[]]></wp:post_password>
		<wp:is_sticky>0</wp:is_sticky>
		<category domain="nav_menu" nicename="social-menu"><![CDATA[Social Menu]]></category>
		<wp:postmeta>
			<wp:meta_key><![CDATA[_menu_item_type]]></wp:meta_key>
			<wp:meta_value><![CDATA[custom]]></wp:meta_value>
		</wp:postmeta>
		<wp:postmeta>
			<wp:meta_key><![CDATA[_menu_item_menu_item_parent]]></wp:meta_key>
			<wp:meta_value><![CDATA[0]]></wp:meta_value>
		</wp:postmeta>
		<wp:postmeta>
			<wp:meta_key><![CDATA[_menu_item_object_id]]></wp:meta_key>
			<wp:meta_value><![CDATA[52]]></wp:meta_value>
		</wp:postmeta>
		<wp:postmeta>
			<wp:meta_key><![CDATA[_menu_item_object]]></wp:meta_key>
			<wp:meta_value><![CDATA[custom]]></wp:meta_value>
		</wp:postmeta>
		<wp:postmeta>
			<wp:meta_key><![CDATA[_menu_item_target]]></wp:meta_key>
			<wp:meta_value><![CDATA[_blank]]></wp:meta_value>
		</wp:postmeta>
		<wp:postmeta>
			<wp:meta_key><![CDATA[_menu_item_classes]]></wp:meta_key>
			<wp:meta_value><![CDATA[a:1:{i:0;s:0:"";}]]></wp:meta_value>
		</wp:postmeta>
		<wp:postmeta>
			<wp:meta_key><![CDATA[_menu_item_xfn]]></wp:meta_key>
			<wp:meta_value><![CDATA[]]></wp:meta_value>
		</wp:postmeta>
		<wp:postmeta>
			<wp:meta_key><![CDATA[_menu_item_url]]></wp:meta_key>
			<wp:meta_value><![CDATA[https://twitter.com]]></wp:meta_value>
		</wp:postmeta>
	</item>
	<item>
		<title>instagram</title>
		<link>https://demo.wpcharms.com/blog-kit/elementor/2019/01/21/instagram/</link>
		<pubDate>Mon, 21 Jan 2019 05:04:35 +0000</pubDate>
		<dc:creator><![CDATA[charmsadmin]]></dc:creator>
		<guid isPermaLink="false">https://demo.wpcharms.com/blog-kit/elementor/?p=53</guid>
		<description></description>
		<content:encoded><![CDATA[]]></content:encoded>
		<excerpt:encoded><![CDATA[]]></excerpt:encoded>
		<wp:post_id>53</wp:post_id>
		<wp:post_date><![CDATA[2019-01-21 05:04:35]]></wp:post_date>
		<wp:post_date_gmt><![CDATA[2019-01-21 05:04:35]]></wp:post_date_gmt>
		<wp:comment_status><![CDATA[closed]]></wp:comment_status>
		<wp:ping_status><![CDATA[closed]]></wp:ping_status>
		<wp:post_name><![CDATA[instagram]]></wp:post_name>
		<wp:status><![CDATA[publish]]></wp:status>
		<wp:post_parent>0</wp:post_parent>
		<wp:menu_order>3</wp:menu_order>
		<wp:post_type><![CDATA[nav_menu_item]]></wp:post_type>
		<wp:post_password><![CDATA[]]></wp:post_password>
		<wp:is_sticky>0</wp:is_sticky>
		<category domain="nav_menu" nicename="social-menu"><![CDATA[Social Menu]]></category>
		<wp:postmeta>
			<wp:meta_key><![CDATA[_menu_item_type]]></wp:meta_key>
			<wp:meta_value><![CDATA[custom]]></wp:meta_value>
		</wp:postmeta>
		<wp:postmeta>
			<wp:meta_key><![CDATA[_menu_item_menu_item_parent]]></wp:meta_key>
			<wp:meta_value><![CDATA[0]]></wp:meta_value>
		</wp:postmeta>
		<wp:postmeta>
			<wp:meta_key><![CDATA[_menu_item_object_id]]></wp:meta_key>
			<wp:meta_value><![CDATA[53]]></wp:meta_value>
		</wp:postmeta>
		<wp:postmeta>
			<wp:meta_key><![CDATA[_menu_item_object]]></wp:meta_key>
			<wp:meta_value><![CDATA[custom]]></wp:meta_value>
		</wp:postmeta>
		<wp:postmeta>
			<wp:meta_key><![CDATA[_menu_item_target]]></wp:meta_key>
			<wp:meta_value><![CDATA[_blank]]></wp:meta_value>
		</wp:postmeta>
		<wp:postmeta>
			<wp:meta_key><![CDATA[_menu_item_classes]]></wp:meta_key>
			<wp:meta_value><![CDATA[a:1:{i:0;s:0:"";}]]></wp:meta_value>
		</wp:postmeta>
		<wp:postmeta>
			<wp:meta_key><![CDATA[_menu_item_xfn]]></wp:meta_key>
			<wp:meta_value><![CDATA[]]></wp:meta_value>
		</wp:postmeta>
		<wp:postmeta>
			<wp:meta_key><![CDATA[_menu_item_url]]></wp:meta_key>
			<wp:meta_value><![CDATA[https://instagram.com]]></wp:meta_value>
		</wp:postmeta>
	</item>
	<item>
		<title>fav-icon</title>
		<link>https://demo.wpcharms.com/blog-kit/elementor/fav-icon/</link>
		<pubDate>Mon, 21 Jan 2019 05:14:21 +0000</pubDate>
		<dc:creator><![CDATA[charmsadmin]]></dc:creator>
		<guid isPermaLink="false">https://demo.wpcharms.com/blog-kit/elementor/wp-content/uploads/sites/6/2019/01/fav-icon.png</guid>
		<description></description>
		<content:encoded><![CDATA[]]></content:encoded>
		<excerpt:encoded><![CDATA[]]></excerpt:encoded>
		<wp:post_id>59</wp:post_id>
		<wp:post_date><![CDATA[2019-01-21 05:14:21]]></wp:post_date>
		<wp:post_date_gmt><![CDATA[2019-01-21 05:14:21]]></wp:post_date_gmt>
		<wp:comment_status><![CDATA[open]]></wp:comment_status>
		<wp:ping_status><![CDATA[closed]]></wp:ping_status>
		<wp:post_name><![CDATA[fav-icon]]></wp:post_name>
		<wp:status><![CDATA[inherit]]></wp:status>
		<wp:post_parent>0</wp:post_parent>
		<wp:menu_order>0</wp:menu_order>
		<wp:post_type><![CDATA[attachment]]></wp:post_type>
		<wp:post_password><![CDATA[]]></wp:post_password>
		<wp:is_sticky>0</wp:is_sticky>
		<wp:attachment_url><![CDATA[https://demo.wpcharms.com/blog-kit/elementor/wp-content/uploads/sites/6/2019/01/fav-icon.png]]></wp:attachment_url>
		<wp:postmeta>
			<wp:meta_key><![CDATA[_wp_attached_file]]></wp:meta_key>
			<wp:meta_value><![CDATA[2019/01/fav-icon.png]]></wp:meta_value>
		</wp:postmeta>
		<wp:postmeta>
			<wp:meta_key><![CDATA[_wp_attachment_metadata]]></wp:meta_key>
			<wp:meta_value><![CDATA[a:5:{s:5:"width";i:32;s:6:"height";i:32;s:4:"file";s:20:"2019/01/fav-icon.png";s:5:"sizes";a:0:{}s:10:"image_meta";a:12:{s:8:"aperture";s:1:"0";s:6:"credit";s:0:"";s:6:"camera";s:0:"";s:7:"caption";s:0:"";s:17:"created_timestamp";s:1:"0";s:9:"copyright";s:0:"";s:12:"focal_length";s:1:"0";s:3:"iso";s:1:"0";s:13:"shutter_speed";s:1:"0";s:5:"title";s:0:"";s:11:"orientation";s:1:"0";s:8:"keywords";a:0:{}}}]]></wp:meta_value>
		</wp:postmeta>
	</item>
	<item>
		<title>Train track during golden hour</title>
		<link>https://demo.wpcharms.com/blog-kit/elementor/2018/02/15/train-track-during-golden-hour/</link>
		<pubDate>Thu, 15 Feb 2018 04:36:18 +0000</pubDate>
		<dc:creator><![CDATA[charmsadmin]]></dc:creator>
		<guid isPermaLink="false">https://demo.wpcharms.com/blog-kit/elementor/?p=20</guid>
		<description></description>
		<content:encoded><![CDATA[<!-- wp:paragraph -->
<p>Suspendisse eget lorem ut leo aliquam porta. Maecenas sed imperdiet lacus. Aenean fermentum mauris vitae gravida mollis. </p>
<!-- /wp:paragraph -->

<!-- wp:paragraph -->
<p>Curabitur dignissim turpis non dolor consectetur, ut aliquet elit eleifend. Integer sed turpis luctus, vehicula magna a, vestibulum nunc. </p>
<!-- /wp:paragraph -->

<!-- wp:paragraph -->
<p>Maecenas eget lectus in ligula lobortis vestibulum nec et orci.</p>
<!-- /wp:paragraph -->]]></content:encoded>
		<excerpt:encoded><![CDATA[]]></excerpt:encoded>
		<wp:post_id>20</wp:post_id>
		<wp:post_date><![CDATA[2018-02-15 04:36:18]]></wp:post_date>
		<wp:post_date_gmt><![CDATA[2018-02-15 04:36:18]]></wp:post_date_gmt>
		<wp:comment_status><![CDATA[closed]]></wp:comment_status>
		<wp:ping_status><![CDATA[closed]]></wp:ping_status>
		<wp:post_name><![CDATA[train-track-during-golden-hour]]></wp:post_name>
		<wp:status><![CDATA[publish]]></wp:status>
		<wp:post_parent>0</wp:post_parent>
		<wp:menu_order>0</wp:menu_order>
		<wp:post_type><![CDATA[post]]></wp:post_type>
		<wp:post_password><![CDATA[]]></wp:post_password>
		<wp:is_sticky>0</wp:is_sticky>
		<category domain="post_tag" nicename="bridge"><![CDATA[bridge]]></category>
		<category domain="category" nicename="editors-choice"><![CDATA[Editors Choice]]></category>
		<category domain="post_tag" nicename="popular"><![CDATA[popular]]></category>
		<category domain="post_tag" nicename="recommended"><![CDATA[recommended]]></category>
		<wp:postmeta>
			<wp:meta_key><![CDATA[disable_title]]></wp:meta_key>
			<wp:meta_value><![CDATA[]]></wp:meta_value>
		</wp:postmeta>
		<wp:postmeta>
			<wp:meta_key><![CDATA[_edit_last]]></wp:meta_key>
			<wp:meta_value><![CDATA[1]]></wp:meta_value>
		</wp:postmeta>
		<wp:postmeta>
			<wp:meta_key><![CDATA[_wp_old_date]]></wp:meta_key>
			<wp:meta_value><![CDATA[2019-01-21]]></wp:meta_value>
		</wp:postmeta>
		<wp:postmeta>
			<wp:meta_key><![CDATA[_thumbnail_id]]></wp:meta_key>
			<wp:meta_value><![CDATA[11]]></wp:meta_value>
		</wp:postmeta>
		<wp:postmeta>
			<wp:meta_key><![CDATA[disable_feat_image]]></wp:meta_key>
			<wp:meta_value><![CDATA[]]></wp:meta_value>
		</wp:postmeta>
		<wp:postmeta>
			<wp:meta_key><![CDATA[disable_space]]></wp:meta_key>
			<wp:meta_value><![CDATA[]]></wp:meta_value>
		</wp:postmeta>
		<wp:postmeta>
			<wp:meta_key><![CDATA[disable_sidebar_only]]></wp:meta_key>
			<wp:meta_value><![CDATA[]]></wp:meta_value>
		</wp:postmeta>
		<wp:postmeta>
			<wp:meta_key><![CDATA[disable_sidebar]]></wp:meta_key>
			<wp:meta_value><![CDATA[]]></wp:meta_value>
		</wp:postmeta>
		<wp:postmeta>
			<wp:meta_key><![CDATA[_wp_old_date]]></wp:meta_key>
			<wp:meta_value><![CDATA[2018-10-15]]></wp:meta_value>
		</wp:postmeta>
	</item>
	<item>
		<title>High angle view of cityscape against cloudy sky</title>
		<link>https://demo.wpcharms.com/blog-kit/elementor/2018/12/12/high-angle-view-of-cityscape-against-cloudy-sky/</link>
		<pubDate>Wed, 12 Dec 2018 04:38:35 +0000</pubDate>
		<dc:creator><![CDATA[charmsadmin]]></dc:creator>
		<guid isPermaLink="false">https://demo.wpcharms.com/blog-kit/elementor/?p=22</guid>
		<description></description>
		<content:encoded><![CDATA[<!-- wp:paragraph -->
<p>Pellentesque tincidunt vestibulum ligula, dignissim pretium quam fermentum eget. Vivamus semper, odio at congue sodales, nisi nibh sodales velit, eget facilisis lorem sapien quis dui. Morbi non tincidunt odio. </p>
<!-- /wp:paragraph -->

<!-- wp:paragraph -->
<p>Phasellus semper, sapien non eleifend dapibus, ligula leo ultricies justo, eget euismod ante sem sit amet ipsum. Proin lectus ipsum, feugiat vel laoreet ac, vehicula nec ante.</p>
<!-- /wp:paragraph -->]]></content:encoded>
		<excerpt:encoded><![CDATA[]]></excerpt:encoded>
		<wp:post_id>22</wp:post_id>
		<wp:post_date><![CDATA[2018-12-12 04:38:35]]></wp:post_date>
		<wp:post_date_gmt><![CDATA[2018-12-12 04:38:35]]></wp:post_date_gmt>
		<wp:comment_status><![CDATA[closed]]></wp:comment_status>
		<wp:ping_status><![CDATA[closed]]></wp:ping_status>
		<wp:post_name><![CDATA[high-angle-view-of-cityscape-against-cloudy-sky]]></wp:post_name>
		<wp:status><![CDATA[publish]]></wp:status>
		<wp:post_parent>0</wp:post_parent>
		<wp:menu_order>0</wp:menu_order>
		<wp:post_type><![CDATA[post]]></wp:post_type>
		<wp:post_password><![CDATA[]]></wp:post_password>
		<wp:is_sticky>0</wp:is_sticky>
		<category domain="post_tag" nicename="amazing"><![CDATA[amazing]]></category>
		<category domain="post_tag" nicename="bridge"><![CDATA[bridge]]></category>
		<category domain="category" nicename="editors-choice"><![CDATA[Editors Choice]]></category>
		<category domain="post_tag" nicename="generation"><![CDATA[generation]]></category>
		<category domain="category" nicename="latest"><![CDATA[Latest]]></category>
		<wp:postmeta>
			<wp:meta_key><![CDATA[disable_title]]></wp:meta_key>
			<wp:meta_value><![CDATA[]]></wp:meta_value>
		</wp:postmeta>
		<wp:postmeta>
			<wp:meta_key><![CDATA[_edit_last]]></wp:meta_key>
			<wp:meta_value><![CDATA[1]]></wp:meta_value>
		</wp:postmeta>
		<wp:postmeta>
			<wp:meta_key><![CDATA[_wp_old_date]]></wp:meta_key>
			<wp:meta_value><![CDATA[2019-01-21]]></wp:meta_value>
		</wp:postmeta>
		<wp:postmeta>
			<wp:meta_key><![CDATA[_thumbnail_id]]></wp:meta_key>
			<wp:meta_value><![CDATA[12]]></wp:meta_value>
		</wp:postmeta>
		<wp:postmeta>
			<wp:meta_key><![CDATA[disable_feat_image]]></wp:meta_key>
			<wp:meta_value><![CDATA[]]></wp:meta_value>
		</wp:postmeta>
		<wp:postmeta>
			<wp:meta_key><![CDATA[disable_space]]></wp:meta_key>
			<wp:meta_value><![CDATA[]]></wp:meta_value>
		</wp:postmeta>
		<wp:postmeta>
			<wp:meta_key><![CDATA[disable_sidebar_only]]></wp:meta_key>
			<wp:meta_value><![CDATA[]]></wp:meta_value>
		</wp:postmeta>
		<wp:postmeta>
			<wp:meta_key><![CDATA[disable_sidebar]]></wp:meta_key>
			<wp:meta_value><![CDATA[]]></wp:meta_value>
		</wp:postmeta>
		<wp:postmeta>
			<wp:meta_key><![CDATA[_wp_page_template]]></wp:meta_key>
			<wp:meta_value><![CDATA[default]]></wp:meta_value>
		</wp:postmeta>
		<wp:postmeta>
			<wp:meta_key><![CDATA[_wp_old_date]]></wp:meta_key>
			<wp:meta_value><![CDATA[2018-11-29]]></wp:meta_value>
		</wp:postmeta>
	</item>
	<item>
		<title>I didn&#039;t want to fall into the trap of complacency</title>
		<link>https://demo.wpcharms.com/blog-kit/elementor/2018/12/21/i-didnt-want-to-fall-into-the-trap-of-complacency/</link>
		<pubDate>Fri, 21 Dec 2018 04:40:33 +0000</pubDate>
		<dc:creator><![CDATA[charmsadmin]]></dc:creator>
		<guid isPermaLink="false">https://demo.wpcharms.com/blog-kit/elementor/?p=24</guid>
		<description></description>
		<content:encoded><![CDATA[<!-- wp:paragraph -->
<p>Proin id tellus a orci rhoncus posuere. Nulla in nisl eu dolor sollicitudin commodo. Curabitur semper vestibulum turpis commodo vestibulum. </p>
<!-- /wp:paragraph -->

<!-- wp:paragraph -->
<p>Vestibulum finibus fringilla eros, vitae iaculis magna efficitur a.</p>
<!-- /wp:paragraph -->

<!-- wp:paragraph -->
<p>Proin a est vehicula, tempor felis vitae, consectetur magna. Cras porttitor consequat sodales. </p>
<!-- /wp:paragraph -->]]></content:encoded>
		<excerpt:encoded><![CDATA[]]></excerpt:encoded>
		<wp:post_id>24</wp:post_id>
		<wp:post_date><![CDATA[2018-12-21 04:40:33]]></wp:post_date>
		<wp:post_date_gmt><![CDATA[2018-12-21 04:40:33]]></wp:post_date_gmt>
		<wp:comment_status><![CDATA[closed]]></wp:comment_status>
		<wp:ping_status><![CDATA[closed]]></wp:ping_status>
		<wp:post_name><![CDATA[i-didnt-want-to-fall-into-the-trap-of-complacency]]></wp:post_name>
		<wp:status><![CDATA[publish]]></wp:status>
		<wp:post_parent>0</wp:post_parent>
		<wp:menu_order>0</wp:menu_order>
		<wp:post_type><![CDATA[post]]></wp:post_type>
		<wp:post_password><![CDATA[]]></wp:post_password>
		<wp:is_sticky>0</wp:is_sticky>
		<category domain="post_tag" nicename="amazing"><![CDATA[amazing]]></category>
		<category domain="category" nicename="editors-choice"><![CDATA[Editors Choice]]></category>
		<category domain="post_tag" nicename="popular"><![CDATA[popular]]></category>
		<category domain="post_tag" nicename="recommended"><![CDATA[recommended]]></category>
		<wp:postmeta>
			<wp:meta_key><![CDATA[disable_title]]></wp:meta_key>
			<wp:meta_value><![CDATA[]]></wp:meta_value>
		</wp:postmeta>
		<wp:postmeta>
			<wp:meta_key><![CDATA[_edit_last]]></wp:meta_key>
			<wp:meta_value><![CDATA[1]]></wp:meta_value>
		</wp:postmeta>
		<wp:postmeta>
			<wp:meta_key><![CDATA[_wp_old_date]]></wp:meta_key>
			<wp:meta_value><![CDATA[2019-01-21]]></wp:meta_value>
		</wp:postmeta>
		<wp:postmeta>
			<wp:meta_key><![CDATA[_thumbnail_id]]></wp:meta_key>
			<wp:meta_value><![CDATA[13]]></wp:meta_value>
		</wp:postmeta>
		<wp:postmeta>
			<wp:meta_key><![CDATA[disable_feat_image]]></wp:meta_key>
			<wp:meta_value><![CDATA[]]></wp:meta_value>
		</wp:postmeta>
		<wp:postmeta>
			<wp:meta_key><![CDATA[disable_space]]></wp:meta_key>
			<wp:meta_value><![CDATA[]]></wp:meta_value>
		</wp:postmeta>
		<wp:postmeta>
			<wp:meta_key><![CDATA[disable_sidebar_only]]></wp:meta_key>
			<wp:meta_value><![CDATA[]]></wp:meta_value>
		</wp:postmeta>
		<wp:postmeta>
			<wp:meta_key><![CDATA[disable_sidebar]]></wp:meta_key>
			<wp:meta_value><![CDATA[]]></wp:meta_value>
		</wp:postmeta>
	</item>
</channel>
</rss>
